{"stats":{"minecraft:crafted":{"minecraft:cooked_beef":9,"minecraft:wooden_sword":1,"minecraft:oak_planks":20,"minecraft:emerald":16,"minecraft:crafting_table":2,"minecraft:wooden_pickaxe":1,"minecraft:furnace":2,"minecraft:stone_axe":1,"minecraft:air":0,"minecraft:iron_boots":1,"minecraft:iron_chestplate":1,"minecraft:shield":1,"minecraft:stick":28,"minecraft:iron_pickaxe":1,"minecraft:iron_ingot":16,"minecraft:stone_pickaxe":2,"minecraft:wooden_axe":1,"minecraft:stone_sword":1,"minecraft:pumpkin_pie":48,"minecraft:acacia_planks":36,"minecraft:torch":16},"minecraft:mined":{"minecraft:acacia_leaves":1,"minecraft:deepslate_diamond_ore":12,"minecraft:crafting_table":4,"minecraft:granite":1,"minecraft:short_grass":21,"minecraft:acacia_log":15,"minecraft:grass_block":11,"minecraft:tall_grass":1,"minecraft:cobblestone":15,"minecraft:oak_planks":1,"minecraft:furnace":1,"minecraft:iron_ore":5,"minecraft:oak_log":5,"minecraft:coal_ore":19,"minecraft:deepslate_iron_ore":17,"minecraft:dirt_path":4,"minecraft:dirt":7,"minecraft:acacia_planks":10,"minecraft:stone":80,"minecraft:oak_leaves":1,"minecraft:deepslate":51},"minecraft:dropped":{"minecraft:raw_iron":3,"minecraft:oak_planks":6,"minecraft:leather":2,"minecraft:dirt":20,"minecraft:torch":7,"minecraft:andesite":3,"minecraft:spider_eye":2,"minecraft:white_wool":5},"minecraft:custom":{"minecraft:interact_with_furnace":17,"minecraft:mob_kills":17,"minecraft:traded_with_villager":28,"minecraft:interact_with_crafting_table":12,"minecraft:open_barrel":1,"minecraft:bell_ring":5,"minecraft:leave_game":3,"minecraft:time_since_death":30805,"minecraft:sleep_in_bed":2,"minecraft:time_since_rest":18258,"minecraft:sprint_one_cm":146009,"minecraft:damage_taken":3718,"minecraft:walk_one_cm":77769,"minecraft:damage_blocked_by_shield":60,"minecraft:drop":18,"minecraft:damage_dealt":2890,"minecraft:swim_one_cm":4966,"minecraft:talked_to_villager":17,"minecraft:fly_one_cm":230978,"minecraft:player_kills":1,"minecraft:open_chest":1,"minecraft:crouch_one_cm":14577,"minecraft:play_time":52030,"minecraft:deaths":8,"minecraft:sneak_time":6563,"minecraft:walk_under_water_one_cm":1835,"minecraft:jump":1333,"minecraft:walk_on_water_one_cm":14855,"minecraft:total_world_time":52030,"minecraft:fall_one_cm":46651},"minecraft:killed":{"minecraft:armadillo":1,"minecraft:pig":4,"minecraft:spider":3,"minecraft:skeleton":2,"minecraft:zombie":3,"minecraft:cow":4},"minecraft:picked_up":{"minecraft:crafting_table":4,"minecraft:cooked_beef":6,"minecraft:tripwire_hook":1,"minecraft:andesite":3,"minecraft:leather":12,"minecraft:oak_log":5,"minecraft:dirt":102,"minecraft:string":1494,"minecraft:bone":1,"minecraft:acacia_planks":10,"minecraft:wheat_seeds":1,"minecraft:cobbled_deepslate":51,"minecraft:stone_pickaxe":5,"minecraft:beef":10,"minecraft:oak_planks":10,"minecraft:furnace":1,"minecraft:raw_iron":23,"minecraft:stick":2,"minecraft:torch":28,"minecraft:acacia_log":15,"minecraft:porkchop":14,"minecraft:spider_eye":4,"minecraft:arrow":2,"minecraft:stone_sword":5,"minecraft:rotten_flesh":2,"minecraft:diamond":12,"minecraft:stone_axe":5,"minecraft:granite":1,"minecraft:coal":40,"minecraft:white_wool":5,"minecraft:cobblestone":176},"minecraft:killed_by":{"minecraft:player":2,"minecraft:skeleton":1,"minecraft:creeper":2,"minecraft:spider":1,"minecraft:zombie":1},"minecraft:used":{"minecraft:stone_sword":54,"minecraft:stone_pickaxe":155,"minecraft:shield":1,"minecraft:wooden_pickaxe":8,"minecraft:torch":9,"minecraft:dirt":32,"minecraft:crafting_table":5,"minecraft:granite":1,"minecraft:wooden_axe":1,"minecraft:string":2,"minecraft:iron_pickaxe":43,"minecraft:tripwire_hook":1,"minecraft:stone_axe":32,"minecraft:cobblestone":62,"minecraft:beef":2,"minecraft:furnace":2,"minecraft:pumpkin_pie":11,"minecraft:cooked_beef":9,"minecraft:cobbled_deepslate":40,"minecraft:acacia_planks":19}},"DataVersion":3953}