{"stats":{"minecraft:broken":{"minecraft:iron_shovel":6,"minecraft:stone_sword":1,"minecraft:brush":2,"minecraft:iron_pickaxe":1,"minecraft:stone_shovel":1},"minecraft:mined":{"minecraft:mossy_cobblestone":3,"minecraft:deepslate_diamond_ore":12,"minecraft:oak_door":1,"minecraft:granite":1,"minecraft:acacia_log":19,"minecraft:grass_block":1237,"minecraft:furnace":3,"minecraft:iron_ore":29,"minecraft:fire":8,"minecraft:andesite":7,"minecraft:deepslate_iron_ore":23,"minecraft:dirt_path":17,"minecraft:oak_stairs":4,"minecraft:stripped_oak_log":18,"minecraft:stone":295,"minecraft:tripwire":1,"minecraft:acacia_leaves":1,"minecraft:glass_pane":3,"minecraft:dandelion":4,"minecraft:crafting_table":7,"minecraft:short_grass":196,"minecraft:tall_grass":18,"minecraft:copper_ore":2,"minecraft:cobblestone":61,"minecraft:oak_planks":6,"minecraft:diorite":8,"minecraft:wall_torch":1,"minecraft:oak_log":16,"minecraft:coal_ore":52,"minecraft:gravel":3,"minecraft:dirt":666,"minecraft:acacia_planks":10,"minecraft:oak_leaves":1,"minecraft:deepslate":52},"minecraft:killed_by":{"minecraft:player":2,"minecraft:creeper":3,"minecraft:spider":1,"minecraft:skeleton":3,"minecraft:zombie":3},"minecraft:custom":{"minecraft:mob_kills":48,"minecraft:animals_bred":1,"minecraft:interact_with_crafting_table":35,"minecraft:open_barrel":13,"minecraft:bell_ring":5,"minecraft:leave_game":11,"minecraft:time_since_death":87978,"minecraft:climb_one_cm":488,"minecraft:sprint_one_cm":470992,"minecraft:walk_one_cm":416086,"minecraft:damage_blocked_by_shield":900,"minecraft:drop":65,"minecraft:talked_to_villager":27,"minecraft:play_time":159470,"minecraft:sneak_time":12093,"minecraft:deaths":13,"minecraft:walk_under_water_one_cm":5281,"minecraft:boat_one_cm":6629,"minecraft:jump":4254,"minecraft:walk_on_water_one_cm":23986,"minecraft:total_world_time":159470,"minecraft:interact_with_furnace":31,"minecraft:traded_with_villager":78,"minecraft:sleep_in_bed":6,"minecraft:time_since_rest":2929,"minecraft:damage_taken":6863,"minecraft:damage_dealt":10240,"minecraft:player_kills":1,"minecraft:swim_one_cm":23441,"minecraft:fly_one_cm":879355,"minecraft:open_chest":21,"minecraft:crouch_one_cm":26102,"minecraft:fall_one_cm":148773},"minecraft:used":{"minecraft:stone_sword":196,"minecraft:iron_shovel":1883,"minecraft:flint_and_steel":12,"minecraft:stone_shovel":150,"minecraft:poppy":1,"minecraft:chest":2,"minecraft:shield":20,"minecraft:rotten_flesh":5,"minecraft:iron_chestplate":1,"minecraft:torch":41,"minecraft:dirt":468,"minecraft:acacia_sapling":1,"minecraft:granite":1,"minecraft:wooden_axe":1,"minecraft:iron_axe":64,"minecraft:iron_helmet":1,"minecraft:iron_boots":1,"minecraft:tripwire_hook":1,"minecraft:beef":2,"minecraft:furnace":4,"minecraft:cooked_beef":9,"minecraft:cobbled_deepslate":40,"minecraft:acacia_planks":26,"minecraft:acacia_boat":1,"minecraft:water_bucket":10,"minecraft:stone_pickaxe":180,"minecraft:wooden_pickaxe":8,"minecraft:crafting_table":9,"minecraft:bread":26,"minecraft:string":4,"minecraft:oak_button":2,"minecraft:iron_pickaxe":371,"minecraft:gravel":2,"minecraft:stone_axe":34,"minecraft:cobblestone":80,"minecraft:andesite":1,"minecraft:bucket":11,"minecraft:pumpkin_pie":32,"minecraft:dandelion":2},"minecraft:dropped":{"minecraft:wheat_seeds":53,"minecraft:glow_ink_sac":4,"minecraft:mossy_cobblestone":3,"minecraft:diamond":12,"minecraft:cobblestone":66,"minecraft:leather":4,"minecraft:stick":4,"minecraft:dirt":24,"minecraft:diorite":8,"minecraft:torch":7,"minecraft:mutton":2,"minecraft:oak_stairs":7,"minecraft:string":21,"minecraft:white_wool":6,"minecraft:dandelion":2,"minecraft:bone":1,"minecraft:oak_door":1,"minecraft:stone_axe":1,"minecraft:raw_iron":3,"minecraft:chicken":1,"minecraft:rotten_flesh":10,"minecraft:oak_planks":7,"minecraft:wolf_armor":3,"minecraft:poppy":2,"minecraft:gunpowder":2,"minecraft:oak_button":2,"minecraft:andesite":9,"minecraft:spider_eye":2,"minecraft:beef":2,"minecraft:stone_pickaxe":1,"minecraft:arrow":3},"minecraft:crafted":{"minecraft:wooden_sword":1,"minecraft:oak_planks":68,"minecraft:stone_shovel":1,"minecraft:wolf_armor":3,"minecraft:furnace":2,"minecraft:flint_and_steel":1,"minecraft:iron_boots":1,"minecraft:iron_axe":1,"minecraft:stone_pickaxe":2,"minecraft:chest":2,"minecraft:oak_button":2,"minecraft:cooked_beef":9,"minecraft:emerald":39,"minecraft:crafting_table":2,"minecraft:wooden_pickaxe":1,"minecraft:iron_helmet":1,"minecraft:brush":2,"minecraft:copper_ingot":2,"minecraft:bucket":1,"minecraft:stone_axe":1,"minecraft:bread":90,"minecraft:acacia_boat":1,"minecraft:air":0,"minecraft:iron_chestplate":1,"minecraft:yellow_dye":1,"minecraft:shield":2,"minecraft:stick":64,"minecraft:iron_ingot":48,"minecraft:iron_pickaxe":2,"minecraft:wooden_axe":1,"minecraft:stone_sword":2,"minecraft:iron_shovel":12,"minecraft:iron_leggings":1,"minecraft:pumpkin_pie":96,"minecraft:acacia_planks":52,"minecraft:torch":52},"minecraft:picked_up":{"minecraft:crafting_table":12,"minecraft:iron_chestplate":5,"minecraft:chicken":1,"minecraft:lead":2,"minecraft:oak_stairs":7,"minecraft:shield":1,"minecraft:string":1519,"minecraft:raw_copper":2,"minecraft:cobbled_deepslate":57,"minecraft:beef":12,"minecraft:poppy":3,"minecraft:iron_pickaxe":4,"minecraft:furnace":3,"minecraft:iron_boots":5,"minecraft:stick":31,"minecraft:raw_iron":79,"minecraft:oak_door":1,"minecraft:torch":74,"minecraft:acacia_log":19,"minecraft:porkchop":14,"minecraft:diorite":23,"minecraft:stone_sword":10,"minecraft:arrow":13,"minecraft:rotten_flesh":29,"minecraft:pumpkin_pie":67,"minecraft:armadillo_scute":25,"minecraft:mutton":2,"minecraft:white_wool":6,"minecraft:cobblestone":440,"minecraft:stripped_oak_log":18,"minecraft:feather":2,"minecraft:cooked_beef":6,"minecraft:glow_ink_sac":4,"minecraft:tripwire_hook":1,"minecraft:andesite":15,"minecraft:leather":14,"minecraft:wolf_armor":1,"minecraft:flint":1,"minecraft:oak_log":15,"minecraft:gunpowder":8,"minecraft:dirt":1978,"minecraft:bone":6,"minecraft:acacia_planks":17,"minecraft:wheat_seeds":56,"minecraft:stone_pickaxe":11,"minecraft:iron_ingot":34,"minecraft:acacia_sapling":1,"minecraft:oak_planks":15,"minecraft:dandelion":5,"minecraft:gravel":2,"minecraft:spider_eye":6,"minecraft:mossy_cobblestone":3,"minecraft:diamond":72,"minecraft:stone_axe":10,"minecraft:iron_helmet":5,"minecraft:granite":1,"minecraft:emerald":20,"minecraft:oak_button":2,"minecraft:coal":189},"minecraft:killed":{"minecraft:armadillo":1,"minecraft:spider":10,"minecraft:skeleton":5,"minecraft:chicken":1,"minecraft:pig":4,"minecraft:iron_golem":2,"minecraft:creeper":1,"minecraft:sheep":1,"minecraft:zombie":16,"minecraft:cow":5}},"DataVersion":3953}