{"stats":{"minecraft:crafted":{"minecraft:cooked_beef":9,"minecraft:wooden_sword":1,"minecraft:oak_planks":20,"minecraft:emerald":16,"minecraft:crafting_table":2,"minecraft:wooden_pickaxe":1,"minecraft:iron_helmet":1,"minecraft:furnace":2,"minecraft:stone_axe":1,"minecraft:air":0,"minecraft:iron_boots":1,"minecraft:iron_chestplate":1,"minecraft:shield":1,"minecraft:stick":32,"minecraft:iron_ingot":36,"minecraft:iron_pickaxe":2,"minecraft:stone_pickaxe":2,"minecraft:wooden_axe":1,"minecraft:stone_sword":1,"minecraft:pumpkin_pie":48,"minecraft:acacia_planks":36,"minecraft:torch":52},"minecraft:mined":{"minecraft:acacia_leaves":1,"minecraft:deepslate_diamond_ore":12,"minecraft:crafting_table":6,"minecraft:granite":1,"minecraft:short_grass":22,"minecraft:acacia_log":15,"minecraft:grass_block":13,"minecraft:tall_grass":3,"minecraft:cobblestone":16,"minecraft:oak_planks":1,"minecraft:diorite":3,"minecraft:furnace":3,"minecraft:iron_ore":29,"minecraft:andesite":2,"minecraft:oak_log":5,"minecraft:coal_ore":52,"minecraft:deepslate_iron_ore":23,"minecraft:dirt_path":4,"minecraft:dirt":7,"minecraft:acacia_planks":10,"minecraft:stone":90,"minecraft:oak_leaves":1,"minecraft:deepslate":52},"minecraft:dropped":{"minecraft:glow_ink_sac":4,"minecraft:raw_iron":3,"minecraft:oak_planks":6,"minecraft:leather":2,"minecraft:dirt":20,"minecraft:torch":7,"minecraft:andesite":3,"minecraft:spider_eye":2,"minecraft:white_wool":5},"minecraft:custom":{"minecraft:interact_with_furnace":25,"minecraft:mob_kills":24,"minecraft:traded_with_villager":28,"minecraft:interact_with_crafting_table":14,"minecraft:open_barrel":1,"minecraft:bell_ring":5,"minecraft:leave_game":6,"minecraft:time_since_death":475,"minecraft:sleep_in_bed":2,"minecraft:time_since_rest":518,"minecraft:sprint_one_cm":213950,"minecraft:damage_taken":5374,"minecraft:walk_one_cm":100479,"minecraft:damage_blocked_by_shield":240,"minecraft:drop":20,"minecraft:damage_dealt":4323,"minecraft:player_kills":1,"minecraft:swim_one_cm":18519,"minecraft:talked_to_villager":17,"minecraft:fly_one_cm":376737,"minecraft:open_chest":1,"minecraft:play_time":71967,"minecraft:crouch_one_cm":19421,"minecraft:sneak_time":8639,"minecraft:deaths":13,"minecraft:walk_under_water_one_cm":4010,"minecraft:jump":2010,"minecraft:walk_on_water_one_cm":19318,"minecraft:total_world_time":71967,"minecraft:fall_one_cm":77701},"minecraft:killed":{"minecraft:armadillo":1,"minecraft:pig":4,"minecraft:spider":3,"minecraft:creeper":1,"minecraft:skeleton":3,"minecraft:zombie":7,"minecraft:cow":4},"minecraft:picked_up":{"minecraft:crafting_table":10,"minecraft:iron_chestplate":4,"minecraft:cooked_beef":6,"minecraft:glow_ink_sac":4,"minecraft:tripwire_hook":1,"minecraft:andesite":8,"minecraft:leather":12,"minecraft:oak_log":5,"minecraft:shield":1,"minecraft:gunpowder":6,"minecraft:dirt":104,"minecraft:string":1494,"minecraft:bone":5,"minecraft:acacia_planks":17,"minecraft:wheat_seeds":3,"minecraft:cobbled_deepslate":56,"minecraft:stone_pickaxe":10,"minecraft:iron_ingot":14,"minecraft:beef":10,"minecraft:iron_pickaxe":3,"minecraft:oak_planks":10,"minecraft:iron_boots":4,"minecraft:furnace":3,"minecraft:stick":28,"minecraft:raw_iron":68,"minecraft:torch":59,"minecraft:acacia_log":15,"minecraft:porkchop":14,"minecraft:diorite":15,"minecraft:spider_eye":4,"minecraft:stone_sword":9,"minecraft:arrow":10,"minecraft:rotten_flesh":14,"minecraft:diamond":60,"minecraft:stone_axe":9,"minecraft:pumpkin_pie":67,"minecraft:iron_helmet":4,"minecraft:granite":1,"minecraft:emerald":16,"minecraft:coal":161,"minecraft:white_wool":5,"minecraft:cobblestone":195},"minecraft:killed_by":{"minecraft:player":2,"minecraft:skeleton":3,"minecraft:creeper":3,"minecraft:spider":1,"minecraft:zombie":3},"minecraft:used":{"minecraft:stone_sword":89,"minecraft:stone_pickaxe":180,"minecraft:wooden_pickaxe":8,"minecraft:shield":5,"minecraft:iron_chestplate":1,"minecraft:torch":28,"minecraft:dirt":34,"minecraft:crafting_table":7,"minecraft:granite":1,"minecraft:wooden_axe":1,"minecraft:string":2,"minecraft:iron_pickaxe":100,"minecraft:iron_helmet":1,"minecraft:iron_boots":1,"minecraft:tripwire_hook":1,"minecraft:stone_axe":34,"minecraft:cobblestone":69,"minecraft:beef":2,"minecraft:furnace":4,"minecraft:pumpkin_pie":22,"minecraft:cooked_beef":9,"minecraft:cobbled_deepslate":40,"minecraft:acacia_planks":19}},"DataVersion":3953}