{"stats":{"minecraft:crafted":{"minecraft:cooked_beef":9,"minecraft:wooden_sword":1,"minecraft:oak_planks":20,"minecraft:crafting_table":1,"minecraft:wooden_pickaxe":1,"minecraft:furnace":1,"minecraft:stone_axe":1,"minecraft:air":0,"minecraft:stick":12,"minecraft:stone_pickaxe":1,"minecraft:wooden_axe":1,"minecraft:stone_sword":1,"minecraft:torch":8},"minecraft:mined":{"minecraft:crafting_table":2,"minecraft:short_grass":20,"minecraft:acacia_log":6,"minecraft:grass_block":11,"minecraft:cobblestone":9,"minecraft:tall_grass":1,"minecraft:oak_planks":1,"minecraft:iron_ore":4,"minecraft:oak_log":5,"minecraft:coal_ore":8,"minecraft:dirt_path":4,"minecraft:dirt":7,"minecraft:stone":73,"minecraft:oak_leaves":1},"minecraft:dropped":{"minecraft:raw_iron":3,"minecraft:oak_planks":2,"minecraft:leather":2,"minecraft:dirt":19,"minecraft:andesite":3,"minecraft:white_wool":5},"minecraft:custom":{"minecraft:interact_with_furnace":7,"minecraft:mob_kills":14,"minecraft:interact_with_crafting_table":3,"minecraft:bell_ring":5,"minecraft:leave_game":1,"minecraft:time_since_death":10657,"minecraft:sleep_in_bed":1,"minecraft:time_since_rest":10685,"minecraft:sprint_one_cm":94603,"minecraft:damage_taken":3170,"minecraft:walk_one_cm":47111,"minecraft:drop":11,"minecraft:damage_dealt":2420,"minecraft:swim_one_cm":1790,"minecraft:talked_to_villager":7,"minecraft:fly_one_cm":188091,"minecraft:player_kills":1,"minecraft:open_chest":1,"minecraft:crouch_one_cm":5670,"minecraft:play_time":31882,"minecraft:deaths":8,"minecraft:sneak_time":2718,"minecraft:walk_under_water_one_cm":71,"minecraft:jump":972,"minecraft:walk_on_water_one_cm":12312,"minecraft:total_world_time":31882,"minecraft:fall_one_cm":32262},"minecraft:killed":{"minecraft:armadillo":1,"minecraft:pig":4,"minecraft:spider":2,"minecraft:skeleton":1,"minecraft:zombie":2,"minecraft:cow":4},"minecraft:picked_up":{"minecraft:crafting_table":2,"minecraft:cooked_beef":6,"minecraft:tripwire_hook":1,"minecraft:andesite":3,"minecraft:leather":12,"minecraft:oak_log":5,"minecraft:dirt":102,"minecraft:string":1003,"minecraft:beef":10,"minecraft:stone_pickaxe":5,"minecraft:oak_planks":8,"minecraft:stick":2,"minecraft:raw_iron":3,"minecraft:torch":28,"minecraft:acacia_log":6,"minecraft:porkchop":14,"minecraft:spider_eye":3,"minecraft:stone_sword":5,"minecraft:rotten_flesh":2,"minecraft:stone_axe":5,"minecraft:coal":29,"minecraft:white_wool":5,"minecraft:cobblestone":162},"minecraft:killed_by":{"minecraft:player":2,"minecraft:skeleton":1,"minecraft:creeper":2,"minecraft:spider":1,"minecraft:zombie":1},"minecraft:used":{"minecraft:stone_sword":43,"minecraft:stone_pickaxe":91,"minecraft:wooden_pickaxe":8,"minecraft:torch":1,"minecraft:dirt":32,"minecraft:crafting_table":3,"minecraft:wooden_axe":1,"minecraft:string":2,"minecraft:stone_axe":9,"minecraft:tripwire_hook":1,"minecraft:cobblestone":49,"minecraft:beef":2,"minecraft:furnace":1,"minecraft:cooked_beef":8}},"DataVersion":3953}