{"stats":{"minecraft:crafted":{"minecraft:wooden_sword":1,"minecraft:oak_planks":28,"minecraft:stone_shovel":1,"minecraft:wolf_armor":1,"minecraft:furnace":2,"minecraft:iron_boots":1,"minecraft:iron_axe":1,"minecraft:stone_pickaxe":2,"minecraft:oak_button":2,"minecraft:cooked_beef":9,"minecraft:emerald":16,"minecraft:crafting_table":2,"minecraft:wooden_pickaxe":1,"minecraft:iron_helmet":1,"minecraft:brush":2,"minecraft:copper_ingot":2,"minecraft:bucket":1,"minecraft:stone_axe":1,"minecraft:bread":24,"minecraft:acacia_boat":1,"minecraft:air":0,"minecraft:iron_chestplate":1,"minecraft:shield":2,"minecraft:stick":40,"minecraft:iron_pickaxe":2,"minecraft:iron_ingot":48,"minecraft:wooden_axe":1,"minecraft:stone_sword":1,"minecraft:iron_leggings":1,"minecraft:pumpkin_pie":48,"minecraft:acacia_planks":52,"minecraft:torch":52},"minecraft:broken":{"minecraft:brush":2},"minecraft:mined":{"minecraft:deepslate_diamond_ore":12,"minecraft:granite":1,"minecraft:acacia_log":19,"minecraft:grass_block":59,"minecraft:furnace":3,"minecraft:iron_ore":29,"minecraft:andesite":2,"minecraft:deepslate_iron_ore":23,"minecraft:dirt_path":17,"minecraft:stripped_oak_log":2,"minecraft:stone":99,"minecraft:acacia_leaves":1,"minecraft:dandelion":1,"minecraft:crafting_table":7,"minecraft:short_grass":40,"minecraft:tall_grass":4,"minecraft:copper_ore":2,"minecraft:cobblestone":16,"minecraft:oak_planks":1,"minecraft:diorite":3,"minecraft:oak_log":5,"minecraft:coal_ore":52,"minecraft:dirt":41,"minecraft:acacia_planks":10,"minecraft:oak_leaves":1,"minecraft:deepslate":52},"minecraft:dropped":{"minecraft:glow_ink_sac":4,"minecraft:diamond":12,"minecraft:leather":2,"minecraft:dirt":24,"minecraft:diorite":3,"minecraft:torch":7,"minecraft:white_wool":5,"minecraft:dandelion":1,"minecraft:bone":1,"minecraft:raw_iron":3,"minecraft:rotten_flesh":3,"minecraft:oak_planks":6,"minecraft:andesite":4,"minecraft:spider_eye":2},"minecraft:custom":{"minecraft:mob_kills":25,"minecraft:interact_with_crafting_table":24,"minecraft:open_barrel":5,"minecraft:bell_ring":5,"minecraft:leave_game":8,"minecraft:time_since_death":26256,"minecraft:climb_one_cm":184,"minecraft:sprint_one_cm":311578,"minecraft:walk_one_cm":146355,"minecraft:damage_blocked_by_shield":240,"minecraft:drop":27,"minecraft:talked_to_villager":19,"minecraft:play_time":97748,"minecraft:deaths":13,"minecraft:sneak_time":9805,"minecraft:walk_under_water_one_cm":4742,"minecraft:boat_one_cm":6629,"minecraft:jump":2806,"minecraft:walk_on_water_one_cm":23191,"minecraft:total_world_time":97748,"minecraft:interact_with_furnace":29,"minecraft:traded_with_villager":32,"minecraft:sleep_in_bed":4,"minecraft:time_since_rest":11595,"minecraft:damage_taken":5575,"minecraft:damage_dealt":4395,"minecraft:swim_one_cm":20727,"minecraft:fly_one_cm":568027,"minecraft:player_kills":1,"minecraft:open_chest":5,"minecraft:crouch_one_cm":22306,"minecraft:fall_one_cm":105977},"minecraft:killed":{"minecraft:armadillo":1,"minecraft:spider":3,"minecraft:skeleton":3,"minecraft:chicken":1,"minecraft:pig":4,"minecraft:creeper":1,"minecraft:zombie":7,"minecraft:cow":4},"minecraft:picked_up":{"minecraft:crafting_table":12,"minecraft:iron_chestplate":5,"minecraft:chicken":1,"minecraft:lead":2,"minecraft:shield":1,"minecraft:string":1494,"minecraft:raw_copper":2,"minecraft:cobbled_deepslate":57,"minecraft:beef":10,"minecraft:iron_pickaxe":4,"minecraft:iron_boots":5,"minecraft:furnace":3,"minecraft:raw_iron":79,"minecraft:stick":31,"minecraft:torch":71,"minecraft:acacia_log":19,"minecraft:porkchop":14,"minecraft:diorite":18,"minecraft:rotten_flesh":17,"minecraft:arrow":12,"minecraft:stone_sword":10,"minecraft:pumpkin_pie":67,"minecraft:armadillo_scute":11,"minecraft:white_wool":5,"minecraft:cobblestone":209,"minecraft:stripped_oak_log":2,"minecraft:feather":2,"minecraft:cooked_beef":6,"minecraft:tripwire_hook":1,"minecraft:glow_ink_sac":4,"minecraft:andesite":10,"minecraft:leather":12,"minecraft:oak_log":5,"minecraft:gunpowder":8,"minecraft:dirt":195,"minecraft:bone":6,"minecraft:acacia_planks":17,"minecraft:wheat_seeds":7,"minecraft:stone_pickaxe":11,"minecraft:iron_ingot":26,"minecraft:oak_planks":10,"minecraft:dandelion":2,"minecraft:spider_eye":4,"minecraft:diamond":72,"minecraft:stone_axe":10,"minecraft:iron_helmet":5,"minecraft:granite":1,"minecraft:emerald":20,"minecraft:oak_button":2,"minecraft:coal":189},"minecraft:killed_by":{"minecraft:player":2,"minecraft:creeper":3,"minecraft:spider":1,"minecraft:skeleton":3,"minecraft:zombie":3},"minecraft:used":{"minecraft:stone_sword":94,"minecraft:stone_shovel":76,"minecraft:shield":5,"minecraft:iron_chestplate":1,"minecraft:torch":28,"minecraft:dirt":121,"minecraft:granite":1,"minecraft:wooden_axe":1,"minecraft:iron_axe":7,"minecraft:iron_helmet":1,"minecraft:iron_boots":1,"minecraft:tripwire_hook":1,"minecraft:beef":2,"minecraft:furnace":4,"minecraft:cooked_beef":9,"minecraft:acacia_planks":26,"minecraft:cobbled_deepslate":40,"minecraft:acacia_boat":1,"minecraft:water_bucket":10,"minecraft:stone_pickaxe":180,"minecraft:wooden_pickaxe":8,"minecraft:crafting_table":9,"minecraft:bread":8,"minecraft:oak_button":2,"minecraft:string":2,"minecraft:iron_pickaxe":111,"minecraft:stone_axe":34,"minecraft:cobblestone":69,"minecraft:andesite":1,"minecraft:bucket":11,"minecraft:pumpkin_pie":22,"minecraft:dandelion":1}},"DataVersion":3953}