{"stats":{"minecraft:broken":{"minecraft:stone_sword":1,"minecraft:brush":2},"minecraft:mined":{"minecraft:deepslate_diamond_ore":12,"minecraft:granite":1,"minecraft:acacia_log":19,"minecraft:grass_block":111,"minecraft:furnace":3,"minecraft:iron_ore":29,"minecraft:andesite":2,"minecraft:deepslate_iron_ore":23,"minecraft:dirt_path":17,"minecraft:stripped_oak_log":2,"minecraft:stone":99,"minecraft:tripwire":1,"minecraft:acacia_leaves":1,"minecraft:dandelion":2,"minecraft:crafting_table":7,"minecraft:short_grass":58,"minecraft:tall_grass":4,"minecraft:copper_ore":2,"minecraft:cobblestone":21,"minecraft:oak_planks":1,"minecraft:diorite":3,"minecraft:oak_log":5,"minecraft:coal_ore":52,"minecraft:dirt":46,"minecraft:acacia_planks":10,"minecraft:oak_leaves":1,"minecraft:deepslate":52},"minecraft:killed_by":{"minecraft:player":2,"minecraft:creeper":3,"minecraft:spider":1,"minecraft:skeleton":3,"minecraft:zombie":3},"minecraft:custom":{"minecraft:mob_kills":46,"minecraft:animals_bred":1,"minecraft:interact_with_crafting_table":27,"minecraft:open_barrel":13,"minecraft:bell_ring":5,"minecraft:leave_game":9,"minecraft:time_since_death":48387,"minecraft:climb_one_cm":488,"minecraft:sprint_one_cm":386924,"minecraft:walk_one_cm":198194,"minecraft:damage_blocked_by_shield":900,"minecraft:drop":45,"minecraft:talked_to_villager":27,"minecraft:play_time":119879,"minecraft:deaths":13,"minecraft:sneak_time":11269,"minecraft:walk_under_water_one_cm":4742,"minecraft:boat_one_cm":6629,"minecraft:jump":3637,"minecraft:walk_on_water_one_cm":23444,"minecraft:total_world_time":119879,"minecraft:interact_with_furnace":31,"minecraft:traded_with_villager":78,"minecraft:sleep_in_bed":5,"minecraft:time_since_rest":2896,"minecraft:damage_taken":6670,"minecraft:damage_dealt":9040,"minecraft:swim_one_cm":20727,"minecraft:fly_one_cm":750050,"minecraft:player_kills":1,"minecraft:open_chest":15,"minecraft:crouch_one_cm":23715,"minecraft:fall_one_cm":132709},"minecraft:used":{"minecraft:stone_sword":174,"minecraft:stone_shovel":138,"minecraft:shield":20,"minecraft:rotten_flesh":5,"minecraft:iron_chestplate":1,"minecraft:torch":28,"minecraft:dirt":134,"minecraft:acacia_sapling":1,"minecraft:granite":1,"minecraft:wooden_axe":1,"minecraft:iron_axe":23,"minecraft:iron_helmet":1,"minecraft:iron_boots":1,"minecraft:tripwire_hook":1,"minecraft:beef":2,"minecraft:furnace":4,"minecraft:cooked_beef":9,"minecraft:acacia_planks":26,"minecraft:cobbled_deepslate":40,"minecraft:acacia_boat":1,"minecraft:water_bucket":10,"minecraft:stone_pickaxe":180,"minecraft:wooden_pickaxe":8,"minecraft:crafting_table":9,"minecraft:bread":25,"minecraft:string":4,"minecraft:oak_button":2,"minecraft:iron_pickaxe":117,"minecraft:stone_axe":34,"minecraft:cobblestone":80,"minecraft:andesite":1,"minecraft:bucket":11,"minecraft:pumpkin_pie":27,"minecraft:dandelion":2},"minecraft:dropped":{"minecraft:wheat_seeds":5,"minecraft:glow_ink_sac":4,"minecraft:diamond":12,"minecraft:cobblestone":6,"minecraft:leather":4,"minecraft:stick":4,"minecraft:dirt":24,"minecraft:diorite":3,"minecraft:torch":7,"minecraft:mutton":2,"minecraft:string":21,"minecraft:white_wool":6,"minecraft:dandelion":1,"minecraft:bone":1,"minecraft:raw_iron":3,"minecraft:rotten_flesh":8,"minecraft:oak_planks":6,"minecraft:wolf_armor":3,"minecraft:poppy":2,"minecraft:oak_button":2,"minecraft:gunpowder":2,"minecraft:andesite":4,"minecraft:spider_eye":2,"minecraft:beef":2},"minecraft:crafted":{"minecraft:wooden_sword":1,"minecraft:oak_planks":28,"minecraft:stone_shovel":1,"minecraft:wolf_armor":3,"minecraft:furnace":2,"minecraft:iron_boots":1,"minecraft:iron_axe":1,"minecraft:stone_pickaxe":2,"minecraft:oak_button":2,"minecraft:cooked_beef":9,"minecraft:emerald":39,"minecraft:crafting_table":2,"minecraft:wooden_pickaxe":1,"minecraft:iron_helmet":1,"minecraft:brush":2,"minecraft:copper_ingot":2,"minecraft:bucket":1,"minecraft:stone_axe":1,"minecraft:bread":90,"minecraft:acacia_boat":1,"minecraft:air":0,"minecraft:iron_chestplate":1,"minecraft:yellow_dye":1,"minecraft:shield":2,"minecraft:stick":40,"minecraft:iron_pickaxe":2,"minecraft:iron_ingot":48,"minecraft:wooden_axe":1,"minecraft:stone_sword":2,"minecraft:iron_leggings":1,"minecraft:pumpkin_pie":96,"minecraft:acacia_planks":52,"minecraft:torch":52},"minecraft:picked_up":{"minecraft:crafting_table":12,"minecraft:iron_chestplate":5,"minecraft:chicken":1,"minecraft:lead":2,"minecraft:shield":1,"minecraft:string":1519,"minecraft:raw_copper":2,"minecraft:cobbled_deepslate":57,"minecraft:beef":12,"minecraft:poppy":2,"minecraft:iron_pickaxe":4,"minecraft:iron_boots":5,"minecraft:furnace":3,"minecraft:stick":31,"minecraft:raw_iron":79,"minecraft:torch":71,"minecraft:acacia_log":19,"minecraft:porkchop":14,"minecraft:diorite":18,"minecraft:rotten_flesh":27,"minecraft:arrow":13,"minecraft:stone_sword":10,"minecraft:pumpkin_pie":67,"minecraft:armadillo_scute":20,"minecraft:mutton":2,"minecraft:white_wool":6,"minecraft:cobblestone":214,"minecraft:stripped_oak_log":2,"minecraft:feather":2,"minecraft:cooked_beef":6,"minecraft:glow_ink_sac":4,"minecraft:tripwire_hook":1,"minecraft:andesite":10,"minecraft:leather":14,"minecraft:wolf_armor":1,"minecraft:oak_log":5,"minecraft:gunpowder":8,"minecraft:dirt":247,"minecraft:bone":6,"minecraft:acacia_planks":17,"minecraft:wheat_seeds":8,"minecraft:stone_pickaxe":11,"minecraft:iron_ingot":31,"minecraft:acacia_sapling":1,"minecraft:oak_planks":10,"minecraft:dandelion":4,"minecraft:spider_eye":6,"minecraft:diamond":72,"minecraft:stone_axe":10,"minecraft:iron_helmet":5,"minecraft:granite":1,"minecraft:emerald":20,"minecraft:oak_button":2,"minecraft:coal":189},"minecraft:killed":{"minecraft:armadillo":1,"minecraft:spider":10,"minecraft:skeleton":5,"minecraft:chicken":1,"minecraft:pig":4,"minecraft:iron_golem":1,"minecraft:creeper":1,"minecraft:sheep":1,"minecraft:zombie":15,"minecraft:cow":5}},"DataVersion":3953}