{"stats":{"minecraft:crafted":{"minecraft:cooked_beef":9,"minecraft:wooden_sword":1,"minecraft:oak_planks":20,"minecraft:emerald":16,"minecraft:crafting_table":2,"minecraft:iron_helmet":1,"minecraft:wooden_pickaxe":1,"minecraft:furnace":2,"minecraft:stone_axe":1,"minecraft:air":0,"minecraft:iron_boots":1,"minecraft:iron_chestplate":1,"minecraft:shield":1,"minecraft:stick":32,"minecraft:iron_ingot":21,"minecraft:iron_pickaxe":1,"minecraft:stone_pickaxe":2,"minecraft:wooden_axe":1,"minecraft:stone_sword":1,"minecraft:pumpkin_pie":48,"minecraft:acacia_planks":36,"minecraft:torch":32},"minecraft:mined":{"minecraft:acacia_leaves":1,"minecraft:deepslate_diamond_ore":12,"minecraft:crafting_table":5,"minecraft:granite":1,"minecraft:short_grass":21,"minecraft:acacia_log":15,"minecraft:grass_block":11,"minecraft:tall_grass":3,"minecraft:cobblestone":15,"minecraft:oak_planks":1,"minecraft:diorite":3,"minecraft:furnace":2,"minecraft:iron_ore":18,"minecraft:oak_log":5,"minecraft:coal_ore":34,"minecraft:deepslate_iron_ore":23,"minecraft:dirt_path":4,"minecraft:dirt":7,"minecraft:acacia_planks":10,"minecraft:stone":87,"minecraft:oak_leaves":1,"minecraft:deepslate":52},"minecraft:dropped":{"minecraft:raw_iron":3,"minecraft:oak_planks":6,"minecraft:leather":2,"minecraft:dirt":20,"minecraft:torch":7,"minecraft:andesite":3,"minecraft:spider_eye":2,"minecraft:white_wool":5},"minecraft:custom":{"minecraft:interact_with_furnace":23,"minecraft:mob_kills":20,"minecraft:traded_with_villager":28,"minecraft:interact_with_crafting_table":13,"minecraft:open_barrel":1,"minecraft:bell_ring":5,"minecraft:leave_game":4,"minecraft:time_since_death":1929,"minecraft:sleep_in_bed":2,"minecraft:time_since_rest":1974,"minecraft:sprint_one_cm":184035,"minecraft:damage_taken":4395,"minecraft:walk_one_cm":87897,"minecraft:damage_blocked_by_shield":240,"minecraft:drop":18,"minecraft:damage_dealt":3426,"minecraft:player_kills":1,"minecraft:swim_one_cm":9594,"minecraft:talked_to_villager":17,"minecraft:fly_one_cm":295313,"minecraft:open_chest":1,"minecraft:play_time":62920,"minecraft:crouch_one_cm":17742,"minecraft:sneak_time":7861,"minecraft:deaths":10,"minecraft:walk_under_water_one_cm":2311,"minecraft:jump":1657,"minecraft:walk_on_water_one_cm":17024,"minecraft:total_world_time":62920,"minecraft:fall_one_cm":61596},"minecraft:killed":{"minecraft:armadillo":1,"minecraft:pig":4,"minecraft:spider":3,"minecraft:skeleton":2,"minecraft:zombie":5,"minecraft:cow":4},"minecraft:picked_up":{"minecraft:iron_chestplate":2,"minecraft:crafting_table":7,"minecraft:cooked_beef":6,"minecraft:tripwire_hook":1,"minecraft:andesite":3,"minecraft:leather":12,"minecraft:oak_log":5,"minecraft:shield":1,"minecraft:dirt":102,"minecraft:string":1494,"minecraft:bone":3,"minecraft:acacia_planks":17,"minecraft:wheat_seeds":3,"minecraft:cobbled_deepslate":54,"minecraft:iron_ingot":2,"minecraft:stone_pickaxe":8,"minecraft:beef":10,"minecraft:iron_pickaxe":1,"minecraft:oak_planks":10,"minecraft:iron_boots":2,"minecraft:furnace":2,"minecraft:stick":22,"minecraft:raw_iron":45,"minecraft:torch":33,"minecraft:acacia_log":15,"minecraft:porkchop":14,"minecraft:diorite":9,"minecraft:spider_eye":4,"minecraft:stone_sword":7,"minecraft:arrow":6,"minecraft:rotten_flesh":5,"minecraft:diamond":36,"minecraft:stone_axe":7,"minecraft:pumpkin_pie":67,"minecraft:iron_helmet":2,"minecraft:granite":1,"minecraft:emerald":8,"minecraft:coal":72,"minecraft:white_wool":5,"minecraft:cobblestone":181},"minecraft:killed_by":{"minecraft:player":2,"minecraft:skeleton":1,"minecraft:creeper":2,"minecraft:spider":1,"minecraft:zombie":3},"minecraft:used":{"minecraft:stone_sword":67,"minecraft:stone_pickaxe":162,"minecraft:wooden_pickaxe":8,"minecraft:shield":5,"minecraft:torch":20,"minecraft:dirt":32,"minecraft:crafting_table":6,"minecraft:granite":1,"minecraft:wooden_axe":1,"minecraft:string":2,"minecraft:iron_pickaxe":82,"minecraft:iron_helmet":1,"minecraft:iron_boots":1,"minecraft:tripwire_hook":1,"minecraft:stone_axe":33,"minecraft:cobblestone":67,"minecraft:beef":2,"minecraft:furnace":4,"minecraft:pumpkin_pie":15,"minecraft:cooked_beef":9,"minecraft:cobbled_deepslate":40,"minecraft:acacia_planks":19}},"DataVersion":3953}