{"stats":{"minecraft:crafted":{"minecraft:wooden_sword":1,"minecraft:oak_planks":20,"minecraft:crafting_table":1,"minecraft:stick":12,"minecraft:wooden_pickaxe":1,"minecraft:wooden_axe":1},"minecraft:mined":{"minecraft:crafting_table":1,"minecraft:short_grass":14,"minecraft:oak_log":5,"minecraft:dirt":1,"minecraft:tall_grass":1,"minecraft:oak_leaves":1},"minecraft:dropped":{"minecraft:dirt":9,"minecraft:oak_planks":2,"minecraft:white_wool":5},"minecraft:custom":{"minecraft:time_since_rest":4290,"minecraft:sprint_one_cm":26612,"minecraft:damage_taken":531,"minecraft:walk_one_cm":10882,"minecraft:mob_kills":4,"minecraft:drop":4,"minecraft:damage_dealt":635,"minecraft:swim_one_cm":1487,"minecraft:interact_with_crafting_table":1,"minecraft:fly_one_cm":52523,"minecraft:player_kills":1,"minecraft:crouch_one_cm":524,"minecraft:play_time":7882,"minecraft:deaths":2,"minecraft:sneak_time":320,"minecraft:walk_under_water_one_cm":28,"minecraft:jump":271,"minecraft:leave_game":1,"minecraft:time_since_death":4261,"minecraft:walk_on_water_one_cm":162,"minecraft:total_world_time":7882,"minecraft:fall_one_cm":8913},"minecraft:killed":{"minecraft:cow":4},"minecraft:picked_up":{"minecraft:crafting_table":1,"minecraft:leather":4,"minecraft:oak_log":5,"minecraft:dirt":12,"minecraft:beef":10,"minecraft:oak_planks":2,"minecraft:white_wool":5},"minecraft:killed_by":{"minecraft:player":2},"minecraft:used":{"minecraft:wooden_axe":1,"minecraft:dirt":2,"minecraft:beef":2,"minecraft:crafting_table":1}},"DataVersion":3953}