{"stats":{"minecraft:crafted":{"minecraft:cooked_beef":9,"minecraft:wooden_sword":1,"minecraft:oak_planks":20,"minecraft:emerald":16,"minecraft:crafting_table":2,"minecraft:wooden_pickaxe":1,"minecraft:furnace":1,"minecraft:stone_axe":1,"minecraft:air":0,"minecraft:stick":16,"minecraft:stone_pickaxe":2,"minecraft:wooden_axe":1,"minecraft:stone_sword":1,"minecraft:pumpkin_pie":48,"minecraft:acacia_planks":36,"minecraft:torch":16},"minecraft:mined":{"minecraft:acacia_leaves":1,"minecraft:crafting_table":3,"minecraft:granite":1,"minecraft:short_grass":21,"minecraft:acacia_log":15,"minecraft:grass_block":11,"minecraft:tall_grass":1,"minecraft:cobblestone":15,"minecraft:oak_planks":1,"minecraft:iron_ore":5,"minecraft:oak_log":5,"minecraft:coal_ore":12,"minecraft:deepslate_iron_ore":15,"minecraft:dirt_path":4,"minecraft:dirt":7,"minecraft:acacia_planks":1,"minecraft:stone":76,"minecraft:oak_leaves":1,"minecraft:deepslate":19},"minecraft:dropped":{"minecraft:raw_iron":3,"minecraft:oak_planks":6,"minecraft:leather":2,"minecraft:dirt":20,"minecraft:torch":7,"minecraft:andesite":3,"minecraft:spider_eye":2,"minecraft:white_wool":5},"minecraft:custom":{"minecraft:interact_with_furnace":7,"minecraft:mob_kills":16,"minecraft:traded_with_villager":28,"minecraft:interact_with_crafting_table":4,"minecraft:open_barrel":1,"minecraft:bell_ring":5,"minecraft:leave_game":2,"minecraft:time_since_death":22437,"minecraft:sleep_in_bed":2,"minecraft:time_since_rest":9890,"minecraft:sprint_one_cm":123490,"minecraft:damage_taken":3455,"minecraft:walk_one_cm":63779,"minecraft:drop":18,"minecraft:damage_dealt":2750,"minecraft:swim_one_cm":1968,"minecraft:talked_to_villager":17,"minecraft:fly_one_cm":218711,"minecraft:player_kills":1,"minecraft:open_chest":1,"minecraft:crouch_one_cm":10124,"minecraft:play_time":43662,"minecraft:deaths":8,"minecraft:sneak_time":4661,"minecraft:walk_under_water_one_cm":1059,"minecraft:jump":1170,"minecraft:walk_on_water_one_cm":13928,"minecraft:total_world_time":43662,"minecraft:fall_one_cm":43394},"minecraft:killed":{"minecraft:armadillo":1,"minecraft:pig":4,"minecraft:spider":3,"minecraft:skeleton":1,"minecraft:zombie":3,"minecraft:cow":4},"minecraft:picked_up":{"minecraft:crafting_table":3,"minecraft:cooked_beef":6,"minecraft:tripwire_hook":1,"minecraft:andesite":3,"minecraft:leather":12,"minecraft:oak_log":5,"minecraft:dirt":102,"minecraft:string":1494,"minecraft:acacia_planks":1,"minecraft:wheat_seeds":1,"minecraft:cobbled_deepslate":19,"minecraft:stone_pickaxe":5,"minecraft:beef":10,"minecraft:oak_planks":10,"minecraft:raw_iron":19,"minecraft:stick":2,"minecraft:torch":28,"minecraft:acacia_log":15,"minecraft:porkchop":14,"minecraft:spider_eye":4,"minecraft:stone_sword":5,"minecraft:rotten_flesh":2,"minecraft:stone_axe":5,"minecraft:granite":1,"minecraft:coal":33,"minecraft:white_wool":5,"minecraft:cobblestone":172},"minecraft:killed_by":{"minecraft:player":2,"minecraft:skeleton":1,"minecraft:creeper":2,"minecraft:spider":1,"minecraft:zombie":1},"minecraft:used":{"minecraft:stone_sword":51,"minecraft:stone_pickaxe":140,"minecraft:wooden_pickaxe":8,"minecraft:torch":2,"minecraft:dirt":32,"minecraft:crafting_table":4,"minecraft:granite":1,"minecraft:wooden_axe":1,"minecraft:string":2,"minecraft:tripwire_hook":1,"minecraft:stone_axe":22,"minecraft:cobblestone":62,"minecraft:beef":2,"minecraft:furnace":1,"minecraft:pumpkin_pie":5,"minecraft:cooked_beef":9,"minecraft:cobbled_deepslate":10,"minecraft:acacia_planks":10}},"DataVersion":3953}