{"stats":{"minecraft:mined":{"minecraft:acacia_leaves":1,"minecraft:deepslate_diamond_ore":12,"minecraft:dandelion":1,"minecraft:crafting_table":6,"minecraft:granite":1,"minecraft:short_grass":38,"minecraft:acacia_log":16,"minecraft:grass_block":46,"minecraft:tall_grass":4,"minecraft:cobblestone":16,"minecraft:oak_planks":1,"minecraft:diorite":3,"minecraft:furnace":3,"minecraft:iron_ore":29,"minecraft:andesite":2,"minecraft:coal_ore":52,"minecraft:oak_log":5,"minecraft:deepslate_iron_ore":23,"minecraft:dirt_path":17,"minecraft:dirt":26,"minecraft:stripped_oak_log":2,"minecraft:acacia_planks":10,"minecraft:stone":91,"minecraft:oak_leaves":1,"minecraft:deepslate":52},"minecraft:killed_by":{"minecraft:player":2,"minecraft:skeleton":3,"minecraft:creeper":3,"minecraft:spider":1,"minecraft:zombie":3},"minecraft:used":{"minecraft:stone_sword":93,"minecraft:stone_shovel":48,"minecraft:stone_pickaxe":180,"minecraft:wooden_pickaxe":8,"minecraft:shield":5,"minecraft:iron_chestplate":1,"minecraft:torch":28,"minecraft:dirt":83,"minecraft:crafting_table":7,"minecraft:granite":1,"minecraft:wooden_axe":1,"minecraft:oak_button":2,"minecraft:iron_axe":3,"minecraft:bread":2,"minecraft:string":2,"minecraft:iron_pickaxe":101,"minecraft:iron_helmet":1,"minecraft:iron_boots":1,"minecraft:tripwire_hook":1,"minecraft:stone_axe":34,"minecraft:cobblestone":69,"minecraft:beef":2,"minecraft:furnace":4,"minecraft:pumpkin_pie":22,"minecraft:cooked_beef":9,"minecraft:cobbled_deepslate":40,"minecraft:acacia_planks":19},"minecraft:custom":{"minecraft:interact_with_furnace":27,"minecraft:mob_kills":24,"minecraft:traded_with_villager":32,"minecraft:interact_with_crafting_table":19,"minecraft:open_barrel":1,"minecraft:bell_ring":5,"minecraft:leave_game":6,"minecraft:time_since_death":9428,"minecraft:sleep_in_bed":2,"minecraft:time_since_rest":9471,"minecraft:sprint_one_cm":239868,"minecraft:damage_taken":5495,"minecraft:walk_one_cm":118615,"minecraft:damage_blocked_by_shield":240,"minecraft:drop":23,"minecraft:damage_dealt":4335,"minecraft:player_kills":1,"minecraft:swim_one_cm":20727,"minecraft:talked_to_villager":19,"minecraft:fly_one_cm":423752,"minecraft:open_chest":1,"minecraft:play_time":80920,"minecraft:crouch_one_cm":21003,"minecraft:sneak_time":9300,"minecraft:deaths":13,"minecraft:walk_under_water_one_cm":4742,"minecraft:jump":2266,"minecraft:walk_on_water_one_cm":20767,"minecraft:total_world_time":80920,"minecraft:fall_one_cm":86558},"minecraft:dropped":{"minecraft:glow_ink_sac":4,"minecraft:diamond":12,"minecraft:raw_iron":3,"minecraft:oak_planks":6,"minecraft:leather":2,"minecraft:dirt":20,"minecraft:diorite":3,"minecraft:torch":7,"minecraft:andesite":3,"minecraft:spider_eye":2,"minecraft:white_wool":5,"minecraft:bone":1},"minecraft:crafted":{"minecraft:cooked_beef":9,"minecraft:wooden_sword":1,"minecraft:oak_planks":28,"minecraft:stone_shovel":1,"minecraft:emerald":16,"minecraft:crafting_table":2,"minecraft:iron_helmet":1,"minecraft:wooden_pickaxe":1,"minecraft:furnace":2,"minecraft:stone_axe":1,"minecraft:bread":24,"minecraft:air":0,"minecraft:iron_boots":1,"minecraft:iron_chestplate":1,"minecraft:shield":2,"minecraft:iron_axe":1,"minecraft:stick":40,"minecraft:iron_ingot":36,"minecraft:iron_pickaxe":2,"minecraft:stone_pickaxe":2,"minecraft:wooden_axe":1,"minecraft:oak_button":2,"minecraft:stone_sword":1,"minecraft:iron_leggings":1,"minecraft:pumpkin_pie":48,"minecraft:acacia_planks":40,"minecraft:torch":52},"minecraft:picked_up":{"minecraft:stripped_oak_log":2,"minecraft:crafting_table":11,"minecraft:iron_chestplate":5,"minecraft:cooked_beef":6,"minecraft:glow_ink_sac":4,"minecraft:tripwire_hook":1,"minecraft:andesite":10,"minecraft:leather":12,"minecraft:oak_log":5,"minecraft:shield":1,"minecraft:gunpowder":8,"minecraft:dirt":166,"minecraft:string":1494,"minecraft:bone":6,"minecraft:acacia_planks":17,"minecraft:wheat_seeds":7,"minecraft:cobbled_deepslate":57,"minecraft:stone_pickaxe":11,"minecraft:iron_ingot":26,"minecraft:beef":10,"minecraft:iron_pickaxe":4,"minecraft:oak_planks":10,"minecraft:iron_boots":5,"minecraft:furnace":3,"minecraft:stick":31,"minecraft:raw_iron":79,"minecraft:dandelion":1,"minecraft:torch":71,"minecraft:acacia_log":16,"minecraft:porkchop":14,"minecraft:diorite":18,"minecraft:spider_eye":4,"minecraft:stone_sword":10,"minecraft:arrow":12,"minecraft:rotten_flesh":17,"minecraft:diamond":72,"minecraft:stone_axe":10,"minecraft:pumpkin_pie":67,"minecraft:iron_helmet":5,"minecraft:armadillo_scute":1,"minecraft:granite":1,"minecraft:oak_button":1,"minecraft:emerald":20,"minecraft:coal":189,"minecraft:white_wool":5,"minecraft:cobblestone":202},"minecraft:killed":{"minecraft:armadillo":1,"minecraft:pig":4,"minecraft:spider":3,"minecraft:creeper":1,"minecraft:skeleton":3,"minecraft:zombie":7,"minecraft:cow":4}},"DataVersion":3953}