{"stats":{"minecraft:crafted":{"minecraft:cooked_beef":9,"minecraft:wooden_sword":1,"minecraft:oak_planks":20,"minecraft:crafting_table":1,"minecraft:stick":12,"minecraft:wooden_pickaxe":1,"minecraft:stone_pickaxe":1,"minecraft:wooden_axe":1,"minecraft:stone_sword":1,"minecraft:furnace":1,"minecraft:torch":8,"minecraft:stone_axe":1,"minecraft:air":0},"minecraft:mined":{"minecraft:crafting_table":2,"minecraft:coal_ore":8,"minecraft:short_grass":20,"minecraft:acacia_log":6,"minecraft:grass_block":5,"minecraft:oak_log":5,"minecraft:dirt":4,"minecraft:tall_grass":1,"minecraft:stone":51,"minecraft:oak_leaves":1},"minecraft:dropped":{"minecraft:dirt":10,"minecraft:oak_planks":2,"minecraft:leather":2,"minecraft:white_wool":5},"minecraft:custom":{"minecraft:time_since_rest":3089,"minecraft:interact_with_furnace":7,"minecraft:sprint_one_cm":73991,"minecraft:damage_taken":2315,"minecraft:walk_one_cm":24389,"minecraft:mob_kills":14,"minecraft:drop":6,"minecraft:damage_dealt":2250,"minecraft:swim_one_cm":1487,"minecraft:interact_with_crafting_table":3,"minecraft:fly_one_cm":147650,"minecraft:player_kills":1,"minecraft:crouch_one_cm":2913,"minecraft:play_time":19882,"minecraft:deaths":6,"minecraft:sneak_time":1425,"minecraft:walk_under_water_one_cm":28,"minecraft:jump":705,"minecraft:leave_game":1,"minecraft:time_since_death":3061,"minecraft:walk_on_water_one_cm":162,"minecraft:sleep_in_bed":1,"minecraft:total_world_time":19882,"minecraft:fall_one_cm":22205},"minecraft:picked_up":{"minecraft:stick":2,"minecraft:crafting_table":2,"minecraft:cooked_beef":4,"minecraft:leather":12,"minecraft:torch":21,"minecraft:acacia_log":6,"minecraft:porkchop":14,"minecraft:oak_log":5,"minecraft:spider_eye":2,"minecraft:string":10,"minecraft:dirt":68,"minecraft:stone_sword":4,"minecraft:rotten_flesh":2,"minecraft:stone_axe":4,"minecraft:beef":10,"minecraft:stone_pickaxe":4,"minecraft:coal":29,"minecraft:oak_planks":6,"minecraft:white_wool":5,"minecraft:cobblestone":127},"minecraft:killed":{"minecraft:skeleton":1,"minecraft:armadillo":1,"minecraft:zombie":2,"minecraft:pig":4,"minecraft:spider":2,"minecraft:cow":4},"minecraft:killed_by":{"minecraft:player":2,"minecraft:skeleton":1,"minecraft:creeper":1,"minecraft:spider":1,"minecraft:zombie":1},"minecraft:used":{"minecraft:wooden_axe":1,"minecraft:stone_sword":40,"minecraft:stone_pickaxe":55,"minecraft:wooden_pickaxe":8,"minecraft:torch":1,"minecraft:stone_axe":9,"minecraft:dirt":8,"minecraft:cobblestone":7,"minecraft:beef":2,"minecraft:crafting_table":3,"minecraft:furnace":1,"minecraft:cooked_beef":7}},"DataVersion":3953}