{"stats":{"minecraft:crafted":{"minecraft:oak_planks":180,"minecraft:stone_shovel":1,"minecraft:barrel":10,"minecraft:tripwire_hook":2,"minecraft:furnace":1,"minecraft:stone_button":6,"minecraft:loom":1,"minecraft:lever":1,"minecraft:diamond_shovel":1,"minecraft:oak_trapdoor":12,"minecraft:flint_and_steel":1,"minecraft:glass":3,"minecraft:hopper":5,"minecraft:iron_axe":3,"minecraft:ladder":3,"minecraft:chest":11,"minecraft:stone_hoe":12,"minecraft:stone_bricks":36,"minecraft:cooked_beef":4,"minecraft:oak_slab":36,"minecraft:wooden_shovel":1,"minecraft:emerald":663,"minecraft:cooked_porkchop":7,"minecraft:crafting_table":3,"minecraft:acacia_slab":18,"minecraft:wooden_pickaxe":1,"minecraft:iron_helmet":10,"minecraft:acacia_trapdoor":6,"minecraft:smithing_table":2,"minecraft:bucket":1,"minecraft:campfire":42,"minecraft:stone_axe":2,"minecraft:bread":864,"minecraft:air":0,"minecraft:oak_boat":1,"minecraft:stone_brick_stairs":4,"minecraft:charcoal":5,"minecraft:white_wool":53,"minecraft:diamond_pickaxe":1,"minecraft:acacia_sign":3,"minecraft:stick":44,"minecraft:stone_slab":6,"minecraft:iron_ingot":2,"minecraft:iron_pickaxe":8,"minecraft:wooden_axe":2,"minecraft:iron_shovel":2,"minecraft:white_bed":15,"minecraft:pumpkin_pie":96,"minecraft:composter":1,"minecraft:acacia_planks":220,"minecraft:shears":2,"minecraft:nautilus_shell":4},"minecraft:broken":{"minecraft:iron_shovel":1,"minecraft:iron_axe":2,"minecraft:stone_axe":2,"minecraft:wooden_axe":2},"minecraft:mined":{"minecraft:white_bed":42,"minecraft:brewing_stand":1,"minecraft:acacia_log":55,"minecraft:stone_button":1,"minecraft:grass_block":160,"minecraft:acacia_slab":3,"minecraft:composter":7,"minecraft:hopper":4,"minecraft:oak_trapdoor":7,"minecraft:carrots":9,"minecraft:acacia_trapdoor":6,"minecraft:fire":5,"minecraft:barrel":29,"minecraft:potatoes":2,"minecraft:dirt_path":50,"minecraft:oak_stairs":1,"minecraft:stripped_oak_log":1,"minecraft:stone":80,"minecraft:white_wool":3,"minecraft:tripwire":14,"minecraft:smithing_table":2,"minecraft:acacia_leaves":19,"minecraft:dandelion":6,"minecraft:crafting_table":4,"minecraft:torch":1,"minecraft:short_grass":205,"minecraft:blast_furnace":3,"minecraft:chest":4,"minecraft:stone_slab":1,"minecraft:copper_ore":6,"minecraft:tall_grass":5,"minecraft:cobblestone":15,"minecraft:sugar_cane":2,"minecraft:oak_planks":68,"minecraft:wall_torch":1,"minecraft:wheat":11,"minecraft:yellow_bed":7,"minecraft:oak_log":63,"minecraft:beetroots":2,"minecraft:sand":25,"minecraft:loom":3,"minecraft:gravel":5,"minecraft:dirt":382,"minecraft:acacia_planks":11,"minecraft:tripwire_hook":3,"minecraft:stonecutter":2,"minecraft:stone_bricks":2,"minecraft:oak_leaves":16},"minecraft:dropped":{"minecraft:stone_hoe":5,"minecraft:bread":912,"minecraft:wheat_seeds":3,"minecraft:dirt":13,"minecraft:stone_button":3,"minecraft:sand":3,"minecraft:acacia_planks":15,"minecraft:composter":2,"minecraft:rotten_flesh":1,"minecraft:oak_planks":1,"minecraft:stone":1,"minecraft:ladder":3,"minecraft:spider_eye":2,"minecraft:bow":1},"minecraft:custom":{"minecraft:interact_with_smithing_table":1,"minecraft:mob_kills":101,"minecraft:inspect_hopper":14,"minecraft:interact_with_crafting_table":83,"minecraft:open_barrel":83,"minecraft:bell_ring":1,"minecraft:leave_game":4,"minecraft:time_since_death":88555,"minecraft:climb_one_cm":13551,"minecraft:sprint_one_cm":605820,"minecraft:walk_one_cm":646635,"minecraft:drop":56,"minecraft:talked_to_villager":289,"minecraft:play_time":246468,"minecraft:deaths":4,"minecraft:sneak_time":20234,"minecraft:walk_under_water_one_cm":1467,"minecraft:jump":6171,"minecraft:interact_with_blast_furnace":1,"minecraft:walk_on_water_one_cm":30300,"minecraft:total_world_time":246468,"minecraft:interact_with_furnace":21,"minecraft:traded_with_villager":908,"minecraft:sleep_in_bed":12,"minecraft:time_since_rest":10372,"minecraft:damage_taken":3697,"minecraft:damage_dealt":40511,"minecraft:player_kills":2,"minecraft:swim_one_cm":3386,"minecraft:fly_one_cm":1203744,"minecraft:open_chest":204,"minecraft:crouch_one_cm":49947,"minecraft:fall_one_cm":158879},"minecraft:killed":{"minecraft:spider":9,"minecraft:skeleton":10,"minecraft:pig":2,"minecraft:iron_golem":28,"minecraft:creeper":10,"minecraft:sheep":10,"minecraft:trader_llama":2,"minecraft:zombie":24,"minecraft:cow":6},"minecraft:picked_up":{"minecraft:wooden_axe":1,"minecraft:crafting_table":5,"minecraft:ladder":2,"minecraft:smithing_table":2,"minecraft:stone_slab":6,"minecraft:lead":12,"minecraft:wooden_pickaxe":2,"minecraft:oak_stairs":3,"minecraft:brewing_stand":4,"minecraft:string":7859,"minecraft:oak_trapdoor":7,"minecraft:iron_axe":3,"minecraft:flint_and_steel":3,"minecraft:iron_shovel":2,"minecraft:bucket":2,"minecraft:beef":31,"minecraft:oak_boat":6,"minecraft:light_gray_wool":2,"minecraft:wooden_shovel":2,"minecraft:poppy":29,"minecraft:iron_pickaxe":1,"minecraft:sugar_cane":8,"minecraft:chest":4,"minecraft:egg":1,"minecraft:copper_ore":7,"minecraft:stick":8,"minecraft:raw_iron":3,"minecraft:stone":132,"minecraft:composter":9,"minecraft:torch":3,"minecraft:acacia_log":55,"minecraft:porkchop":3,"minecraft:stone_button":8,"minecraft:carrot":9,"minecraft:arrow":10,"minecraft:rotten_flesh":39,"minecraft:beetroot_seeds":2,"minecraft:pumpkin_pie":43,"minecraft:shears":1,"minecraft:armadillo_scute":3,"minecraft:mutton":15,"minecraft:cobblestone":37,"minecraft:white_wool":70,"minecraft:oxeye_daisy":1,"minecraft:nautilus_shell":2,"minecraft:stripped_oak_log":1,"minecraft:tripwire_hook":4,"minecraft:brown_wool":2,"minecraft:leather":14,"minecraft:potato":2,"minecraft:flint":2,"minecraft:oak_log":64,"minecraft:acacia_boat":1,"minecraft:yellow_bed":6,"minecraft:gunpowder":10,"minecraft:dirt":727,"minecraft:bone":16,"minecraft:acacia_planks":40,"minecraft:stone_bricks":2,"minecraft:bow":1,"minecraft:stonecutter":6,"minecraft:wheat_seeds":30,"minecraft:acacia_trapdoor":7,"minecraft:iron_ingot":144,"minecraft:stone_hoe":6,"minecraft:oak_planks":73,"minecraft:oak_slab":4,"minecraft:dandelion":14,"minecraft:gravel":3,"minecraft:sand":27,"minecraft:blast_furnace":3,"minecraft:white_bed":43,"minecraft:loom":3,"minecraft:spider_eye":11,"minecraft:barrel":29,"minecraft:diamond_shovel":3,"minecraft:lever":1,"minecraft:diamond":12,"minecraft:campfire":24,"minecraft:iron_helmet":1,"minecraft:emerald":174,"minecraft:bread":48,"minecraft:oak_sapling":2,"minecraft:acacia_slab":3,"minecraft:hopper":4,"minecraft:diamond_pickaxe":1},"minecraft:killed_by":{"minecraft:zombie_villager":1,"minecraft:player":1,"minecraft:iron_golem":1,"minecraft:zombie":1},"minecraft:used":{"minecraft:oak_trapdoor":18,"minecraft:iron_shovel":525,"minecraft:flint_and_steel":8,"minecraft:stone_shovel":105,"minecraft:ladder":2,"minecraft:poppy":8,"minecraft:chest":10,"minecraft:stone":12,"minecraft:wooden_shovel":59,"minecraft:rotten_flesh":3,"minecraft:torch":3,"minecraft:dirt":341,"minecraft:mutton":15,"minecraft:hopper":9,"minecraft:wooden_axe":81,"minecraft:lava_bucket":1,"minecraft:iron_axe":492,"minecraft:acacia_slab":3,"minecraft:iron_helmet":1,"minecraft:stone_brick_stairs":4,"minecraft:barrel":38,"minecraft:stone_bricks":29,"minecraft:tripwire_hook":6,"minecraft:beef":2,"minecraft:furnace":1,"minecraft:cooked_beef":4,"minecraft:acacia_planks":11,"minecraft:water_bucket":52,"minecraft:acacia_trapdoor":10,"minecraft:oak_planks":107,"minecraft:wooden_pickaxe":17,"minecraft:composter":8,"minecraft:white_wool":3,"minecraft:sand":10,"minecraft:crafting_table":7,"minecraft:loom":3,"minecraft:blast_furnace":2,"minecraft:white_bed":56,"minecraft:shears":7,"minecraft:lever":2,"minecraft:diamond_pickaxe":79,"minecraft:diamond_shovel":421,"minecraft:acacia_sign":3,"minecraft:iron_pickaxe":20,"minecraft:stone_button":8,"minecraft:string":20,"minecraft:stone_slab":1,"minecraft:stone_axe":178,"minecraft:porkchop":3,"minecraft:smithing_table":2,"minecraft:cooked_porkchop":7,"minecraft:oak_boat":7,"minecraft:bucket":53,"minecraft:pumpkin_pie":56,"minecraft:yellow_bed":5,"minecraft:dandelion":1}},"DataVersion":3953}