{"stats":{"minecraft:broken":{"minecraft:iron_shovel":1,"minecraft:iron_axe":1,"minecraft:stone_axe":2,"minecraft:wooden_axe":2},"minecraft:mined":{"minecraft:white_bed":31,"minecraft:brewing_stand":1,"minecraft:acacia_log":45,"minecraft:grass_block":147,"minecraft:acacia_slab":2,"minecraft:hopper":2,"minecraft:composter":6,"minecraft:carrots":9,"minecraft:fire":5,"minecraft:barrel":11,"minecraft:potatoes":2,"minecraft:dirt_path":25,"minecraft:oak_stairs":1,"minecraft:stone":57,"minecraft:tripwire":6,"minecraft:smithing_table":1,"minecraft:acacia_leaves":18,"minecraft:dandelion":5,"minecraft:crafting_table":4,"minecraft:torch":1,"minecraft:short_grass":146,"minecraft:blast_furnace":2,"minecraft:chest":2,"minecraft:copper_ore":5,"minecraft:tall_grass":5,"minecraft:cobblestone":6,"minecraft:sugar_cane":2,"minecraft:oak_planks":22,"minecraft:wall_torch":1,"minecraft:wheat":11,"minecraft:yellow_bed":6,"minecraft:oak_log":28,"minecraft:beetroots":2,"minecraft:gravel":5,"minecraft:loom":3,"minecraft:sand":6,"minecraft:dirt":221,"minecraft:acacia_planks":6,"minecraft:tripwire_hook":2,"minecraft:stonecutter":2,"minecraft:oak_leaves":6},"minecraft:killed_by":{"minecraft:player":1},"minecraft:used":{"minecraft:oak_trapdoor":4,"minecraft:iron_shovel":375,"minecraft:flint_and_steel":8,"minecraft:stone_shovel":105,"minecraft:poppy":8,"minecraft:ladder":2,"minecraft:chest":7,"minecraft:stone":12,"minecraft:wooden_shovel":59,"minecraft:rotten_flesh":3,"minecraft:torch":3,"minecraft:dirt":144,"minecraft:mutton":15,"minecraft:hopper":4,"minecraft:wooden_axe":81,"minecraft:iron_axe":259,"minecraft:acacia_slab":2,"minecraft:barrel":18,"minecraft:tripwire_hook":3,"minecraft:beef":2,"minecraft:cooked_beef":4,"minecraft:acacia_planks":8,"minecraft:water_bucket":22,"minecraft:acacia_trapdoor":3,"minecraft:oak_planks":54,"minecraft:wooden_pickaxe":17,"minecraft:composter":6,"minecraft:sand":6,"minecraft:crafting_table":6,"minecraft:loom":3,"minecraft:blast_furnace":2,"minecraft:white_bed":41,"minecraft:shears":3,"minecraft:lever":1,"minecraft:diamond_pickaxe":52,"minecraft:diamond_shovel":157,"minecraft:iron_pickaxe":8,"minecraft:string":12,"minecraft:stone_axe":178,"minecraft:cooked_porkchop":7,"minecraft:porkchop":3,"minecraft:smithing_table":2,"minecraft:bucket":23,"minecraft:yellow_bed":5,"minecraft:pumpkin_pie":23,"minecraft:dandelion":1},"minecraft:custom":{"minecraft:interact_with_smithing_table":1,"minecraft:mob_kills":79,"minecraft:inspect_hopper":13,"minecraft:interact_with_crafting_table":59,"minecraft:open_barrel":22,"minecraft:bell_ring":1,"minecraft:leave_game":2,"minecraft:time_since_death":127786,"minecraft:climb_one_cm":7223,"minecraft:sprint_one_cm":408416,"minecraft:walk_one_cm":385203,"minecraft:drop":33,"minecraft:talked_to_villager":192,"minecraft:play_time":153125,"minecraft:deaths":1,"minecraft:sneak_time":13356,"minecraft:walk_under_water_one_cm":695,"minecraft:jump":4039,"minecraft:walk_on_water_one_cm":13560,"minecraft:total_world_time":153125,"minecraft:interact_with_furnace":9,"minecraft:traded_with_villager":518,"minecraft:sleep_in_bed":8,"minecraft:time_since_rest":19477,"minecraft:damage_taken":1843,"minecraft:damage_dealt":32726,"minecraft:swim_one_cm":3265,"minecraft:fly_one_cm":778545,"minecraft:player_kills":2,"minecraft:open_chest":97,"minecraft:crouch_one_cm":30990,"minecraft:fall_one_cm":102679},"minecraft:crafted":{"minecraft:oak_planks":112,"minecraft:stone_shovel":1,"minecraft:barrel":7,"minecraft:tripwire_hook":2,"minecraft:loom":1,"minecraft:lever":1,"minecraft:diamond_shovel":1,"minecraft:oak_trapdoor":4,"minecraft:flint_and_steel":1,"minecraft:hopper":2,"minecraft:iron_axe":2,"minecraft:ladder":3,"minecraft:chest":7,"minecraft:stone_hoe":12,"minecraft:cooked_beef":4,"minecraft:oak_slab":6,"minecraft:wooden_shovel":1,"minecraft:emerald":377,"minecraft:cooked_porkchop":7,"minecraft:crafting_table":2,"minecraft:acacia_slab":12,"minecraft:wooden_pickaxe":1,"minecraft:iron_helmet":10,"minecraft:acacia_trapdoor":4,"minecraft:smithing_table":2,"minecraft:bucket":1,"minecraft:campfire":30,"minecraft:stone_axe":2,"minecraft:bread":384,"minecraft:air":0,"minecraft:white_wool":53,"minecraft:diamond_pickaxe":1,"minecraft:acacia_sign":3,"minecraft:stick":40,"minecraft:iron_pickaxe":8,"minecraft:iron_ingot":2,"minecraft:wooden_axe":2,"minecraft:iron_shovel":2,"minecraft:white_bed":14,"minecraft:pumpkin_pie":48,"minecraft:acacia_planks":180,"minecraft:shears":1,"minecraft:nautilus_shell":4},"minecraft:dropped":{"minecraft:stone_hoe":5,"minecraft:bread":432,"minecraft:wheat_seeds":3,"minecraft:dirt":8,"minecraft:acacia_planks":14,"minecraft:oak_planks":1,"minecraft:stone":1,"minecraft:ladder":3,"minecraft:spider_eye":2,"minecraft:bow":1},"minecraft:picked_up":{"minecraft:wooden_axe":1,"minecraft:crafting_table":5,"minecraft:ladder":2,"minecraft:lead":2,"minecraft:smithing_table":1,"minecraft:oak_stairs":1,"minecraft:brewing_stand":1,"minecraft:string":5620,"minecraft:beef":21,"minecraft:poppy":21,"minecraft:light_gray_wool":2,"minecraft:sugar_cane":8,"minecraft:chest":2,"minecraft:copper_ore":5,"minecraft:raw_iron":3,"minecraft:stick":8,"minecraft:stone":45,"minecraft:composter":6,"minecraft:torch":3,"minecraft:acacia_log":45,"minecraft:porkchop":3,"minecraft:carrot":9,"minecraft:arrow":4,"minecraft:rotten_flesh":18,"minecraft:beetroot_seeds":2,"minecraft:mutton":15,"minecraft:white_wool":13,"minecraft:cobblestone":16,"minecraft:oxeye_daisy":1,"minecraft:tripwire_hook":1,"minecraft:leather":14,"minecraft:brown_wool":2,"minecraft:potato":2,"minecraft:flint":2,"minecraft:oak_log":29,"minecraft:yellow_bed":5,"minecraft:gunpowder":8,"minecraft:dirt":405,"minecraft:bone":6,"minecraft:acacia_planks":20,"minecraft:bow":1,"minecraft:stonecutter":2,"minecraft:wheat_seeds":26,"minecraft:iron_ingot":97,"minecraft:stone_hoe":3,"minecraft:oak_planks":23,"minecraft:dandelion":7,"minecraft:gravel":3,"minecraft:sand":6,"minecraft:blast_furnace":2,"minecraft:white_bed":32,"minecraft:loom":3,"minecraft:barrel":11,"minecraft:spider_eye":5,"minecraft:diamond":12,"minecraft:bread":48,"minecraft:acacia_slab":2,"minecraft:oak_sapling":2,"minecraft:hopper":2},"minecraft:killed":{"minecraft:spider":8,"minecraft:skeleton":7,"minecraft:pig":2,"minecraft:iron_golem":23,"minecraft:creeper":7,"minecraft:sheep":10,"minecraft:trader_llama":2,"minecraft:zombie":14,"minecraft:cow":6}},"DataVersion":3953}