{"stats":{"minecraft:crafted":{"minecraft:cooked_beef":4,"minecraft:oak_slab":6,"minecraft:oak_planks":96,"minecraft:wooden_shovel":1,"minecraft:barrel":2,"minecraft:emerald":86,"minecraft:tripwire_hook":2,"minecraft:cooked_porkchop":7,"minecraft:crafting_table":1,"minecraft:iron_helmet":10,"minecraft:wooden_pickaxe":1,"minecraft:loom":1,"minecraft:lever":1,"minecraft:bucket":1,"minecraft:stone_axe":1,"minecraft:bread":192,"minecraft:air":0,"minecraft:oak_trapdoor":4,"minecraft:stick":16,"minecraft:iron_ingot":2,"minecraft:wooden_axe":2,"minecraft:chest":1,"minecraft:white_bed":1,"minecraft:acacia_planks":4,"minecraft:shears":1},"minecraft:broken":{"minecraft:wooden_axe":2},"minecraft:mined":{"minecraft:white_bed":4,"minecraft:brewing_stand":1,"minecraft:crafting_table":4,"minecraft:short_grass":66,"minecraft:blast_furnace":1,"minecraft:acacia_log":1,"minecraft:grass_block":32,"minecraft:tall_grass":3,"minecraft:composter":1,"minecraft:oak_planks":19,"minecraft:sugar_cane":2,"minecraft:carrots":9,"minecraft:barrel":6,"minecraft:wheat":11,"minecraft:yellow_bed":2,"minecraft:dirt_path":4,"minecraft:potatoes":2,"minecraft:oak_log":24,"minecraft:beetroots":2,"minecraft:oak_stairs":1,"minecraft:loom":3,"minecraft:sand":6,"minecraft:dirt":66,"minecraft:tripwire_hook":2,"minecraft:stonecutter":2,"minecraft:stone":4,"minecraft:oak_leaves":6,"minecraft:tripwire":2},"minecraft:dropped":{"minecraft:bread":192,"minecraft:wheat_seeds":3,"minecraft:oak_planks":1},"minecraft:custom":{"minecraft:interact_with_furnace":9,"minecraft:mob_kills":30,"minecraft:traded_with_villager":128,"minecraft:interact_with_crafting_table":19,"minecraft:bell_ring":1,"minecraft:leave_game":1,"minecraft:time_since_death":40651,"minecraft:sleep_in_bed":3,"minecraft:climb_one_cm":368,"minecraft:time_since_rest":9890,"minecraft:sprint_one_cm":213069,"minecraft:damage_taken":780,"minecraft:walk_one_cm":140889,"minecraft:drop":7,"minecraft:damage_dealt":5340,"minecraft:swim_one_cm":3265,"minecraft:talked_to_villager":49,"minecraft:fly_one_cm":464660,"minecraft:player_kills":2,"minecraft:open_chest":10,"minecraft:crouch_one_cm":7248,"minecraft:play_time":65990,"minecraft:deaths":1,"minecraft:sneak_time":2535,"minecraft:walk_under_water_one_cm":484,"minecraft:jump":2067,"minecraft:walk_on_water_one_cm":10913,"minecraft:total_world_time":65990,"minecraft:fall_one_cm":64132},"minecraft:killed":{"minecraft:pig":2,"minecraft:spider":5,"minecraft:iron_golem":1,"minecraft:creeper":1,"minecraft:sheep":10,"minecraft:skeleton":1,"minecraft:zombie":4,"minecraft:cow":6},"minecraft:picked_up":{"minecraft:wooden_axe":1,"minecraft:crafting_table":5,"minecraft:tripwire_hook":1,"minecraft:leather":12,"minecraft:brown_wool":2,"minecraft:oak_stairs":1,"minecraft:potato":2,"minecraft:oak_log":25,"minecraft:brewing_stand":1,"minecraft:yellow_bed":2,"minecraft:gunpowder":2,"minecraft:dirt":114,"minecraft:string":2615,"minecraft:bone":1,"minecraft:stonecutter":2,"minecraft:wheat_seeds":23,"minecraft:beef":21,"minecraft:iron_ingot":4,"minecraft:poppy":1,"minecraft:light_gray_wool":2,"minecraft:sugar_cane":8,"minecraft:oak_planks":21,"minecraft:raw_iron":3,"minecraft:stick":6,"minecraft:composter":1,"minecraft:dandelion":3,"minecraft:acacia_log":1,"minecraft:porkchop":3,"minecraft:sand":6,"minecraft:blast_furnace":1,"minecraft:loom":3,"minecraft:white_bed":5,"minecraft:carrot":9,"minecraft:barrel":6,"minecraft:spider_eye":3,"minecraft:arrow":1,"minecraft:rotten_flesh":3,"minecraft:beetroot_seeds":2,"minecraft:oak_sapling":2,"minecraft:mutton":15,"minecraft:white_wool":13,"minecraft:cobblestone":4,"minecraft:oxeye_daisy":1},"minecraft:killed_by":{"minecraft:player":1},"minecraft:used":{"minecraft:oak_trapdoor":2,"minecraft:water_bucket":20,"minecraft:oak_planks":54,"minecraft:chest":1,"minecraft:wooden_pickaxe":9,"minecraft:composter":1,"minecraft:wooden_shovel":46,"minecraft:rotten_flesh":3,"minecraft:dirt":50,"minecraft:sand":6,"minecraft:mutton":15,"minecraft:crafting_table":5,"minecraft:loom":3,"minecraft:blast_furnace":1,"minecraft:white_bed":5,"minecraft:shears":2,"minecraft:wooden_axe":81,"minecraft:lever":1,"minecraft:string":6,"minecraft:barrel":8,"minecraft:stone_axe":70,"minecraft:tripwire_hook":3,"minecraft:beef":2,"minecraft:cooked_porkchop":4,"minecraft:porkchop":3,"minecraft:bucket":20,"minecraft:yellow_bed":2,"minecraft:cooked_beef":4}},"DataVersion":3953}