{"stats":{"minecraft:broken":{"minecraft:iron_shovel":1,"minecraft:iron_axe":2,"minecraft:stone_axe":2,"minecraft:wooden_axe":2},"minecraft:mined":{"minecraft:white_bed":31,"minecraft:brewing_stand":1,"minecraft:acacia_log":45,"minecraft:grass_block":150,"minecraft:acacia_slab":2,"minecraft:hopper":2,"minecraft:composter":6,"minecraft:oak_trapdoor":2,"minecraft:carrots":9,"minecraft:fire":5,"minecraft:barrel":11,"minecraft:potatoes":2,"minecraft:dirt_path":48,"minecraft:oak_stairs":1,"minecraft:stone":67,"minecraft:white_wool":3,"minecraft:tripwire":6,"minecraft:smithing_table":1,"minecraft:acacia_leaves":18,"minecraft:dandelion":5,"minecraft:crafting_table":4,"minecraft:torch":1,"minecraft:short_grass":178,"minecraft:blast_furnace":2,"minecraft:chest":2,"minecraft:stone_slab":1,"minecraft:copper_ore":6,"minecraft:tall_grass":5,"minecraft:cobblestone":6,"minecraft:sugar_cane":2,"minecraft:oak_planks":23,"minecraft:wall_torch":1,"minecraft:wheat":11,"minecraft:yellow_bed":6,"minecraft:oak_log":33,"minecraft:beetroots":2,"minecraft:gravel":5,"minecraft:loom":3,"minecraft:sand":6,"minecraft:dirt":269,"minecraft:acacia_planks":6,"minecraft:tripwire_hook":2,"minecraft:stonecutter":2,"minecraft:oak_leaves":6},"minecraft:killed_by":{"minecraft:zombie_villager":1,"minecraft:player":1,"minecraft:iron_golem":1,"minecraft:zombie":1},"minecraft:used":{"minecraft:oak_trapdoor":9,"minecraft:iron_shovel":525,"minecraft:flint_and_steel":8,"minecraft:stone_shovel":105,"minecraft:poppy":8,"minecraft:ladder":2,"minecraft:chest":8,"minecraft:stone":12,"minecraft:wooden_shovel":59,"minecraft:rotten_flesh":3,"minecraft:torch":3,"minecraft:dirt":216,"minecraft:mutton":15,"minecraft:hopper":5,"minecraft:wooden_axe":81,"minecraft:lava_bucket":1,"minecraft:iron_axe":300,"minecraft:acacia_slab":2,"minecraft:barrel":18,"minecraft:tripwire_hook":3,"minecraft:beef":2,"minecraft:cooked_beef":4,"minecraft:acacia_planks":8,"minecraft:water_bucket":31,"minecraft:acacia_trapdoor":3,"minecraft:oak_planks":55,"minecraft:wooden_pickaxe":17,"minecraft:composter":6,"minecraft:white_wool":3,"minecraft:sand":6,"minecraft:crafting_table":6,"minecraft:loom":3,"minecraft:blast_furnace":2,"minecraft:white_bed":41,"minecraft:shears":6,"minecraft:lever":1,"minecraft:diamond_pickaxe":64,"minecraft:diamond_shovel":244,"minecraft:acacia_sign":3,"minecraft:stone_button":3,"minecraft:iron_pickaxe":8,"minecraft:string":12,"minecraft:stone_slab":1,"minecraft:stone_axe":178,"minecraft:cooked_porkchop":7,"minecraft:porkchop":3,"minecraft:smithing_table":2,"minecraft:bucket":32,"minecraft:yellow_bed":5,"minecraft:pumpkin_pie":42,"minecraft:oak_boat":2,"minecraft:dandelion":1},"minecraft:custom":{"minecraft:interact_with_smithing_table":1,"minecraft:mob_kills":89,"minecraft:inspect_hopper":13,"minecraft:interact_with_crafting_table":67,"minecraft:open_barrel":23,"minecraft:bell_ring":1,"minecraft:leave_game":2,"minecraft:time_since_death":19212,"minecraft:climb_one_cm":10223,"minecraft:sprint_one_cm":472085,"minecraft:walk_one_cm":479313,"minecraft:drop":38,"minecraft:talked_to_villager":193,"minecraft:play_time":177125,"minecraft:deaths":4,"minecraft:sneak_time":15403,"minecraft:walk_under_water_one_cm":1251,"minecraft:jump":4667,"minecraft:walk_on_water_one_cm":15479,"minecraft:total_world_time":177125,"minecraft:interact_with_furnace":9,"minecraft:traded_with_villager":518,"minecraft:sleep_in_bed":8,"minecraft:time_since_rest":19236,"minecraft:damage_taken":3407,"minecraft:damage_dealt":35731,"minecraft:swim_one_cm":3265,"minecraft:fly_one_cm":883437,"minecraft:player_kills":2,"minecraft:open_chest":133,"minecraft:crouch_one_cm":36023,"minecraft:fall_one_cm":118489},"minecraft:crafted":{"minecraft:oak_planks":132,"minecraft:stone_shovel":1,"minecraft:barrel":7,"minecraft:tripwire_hook":2,"minecraft:stone_button":3,"minecraft:loom":1,"minecraft:lever":1,"minecraft:diamond_shovel":1,"minecraft:oak_trapdoor":8,"minecraft:flint_and_steel":1,"minecraft:hopper":3,"minecraft:iron_axe":2,"minecraft:ladder":3,"minecraft:chest":9,"minecraft:stone_hoe":12,"minecraft:cooked_beef":4,"minecraft:oak_slab":6,"minecraft:wooden_shovel":1,"minecraft:emerald":377,"minecraft:cooked_porkchop":7,"minecraft:crafting_table":2,"minecraft:acacia_slab":12,"minecraft:wooden_pickaxe":1,"minecraft:iron_helmet":10,"minecraft:acacia_trapdoor":4,"minecraft:smithing_table":2,"minecraft:bucket":1,"minecraft:campfire":30,"minecraft:stone_axe":2,"minecraft:bread":384,"minecraft:air":0,"minecraft:oak_boat":1,"minecraft:white_wool":53,"minecraft:diamond_pickaxe":1,"minecraft:acacia_sign":3,"minecraft:stick":40,"minecraft:stone_slab":6,"minecraft:iron_pickaxe":8,"minecraft:iron_ingot":2,"minecraft:wooden_axe":2,"minecraft:iron_shovel":2,"minecraft:white_bed":14,"minecraft:pumpkin_pie":48,"minecraft:acacia_planks":180,"minecraft:shears":2,"minecraft:nautilus_shell":4},"minecraft:dropped":{"minecraft:stone_hoe":5,"minecraft:bread":432,"minecraft:wheat_seeds":3,"minecraft:dirt":13,"minecraft:acacia_planks":14,"minecraft:oak_planks":1,"minecraft:stone":1,"minecraft:ladder":3,"minecraft:spider_eye":2,"minecraft:bow":1},"minecraft:picked_up":{"minecraft:wooden_axe":1,"minecraft:crafting_table":5,"minecraft:ladder":2,"minecraft:stone_slab":6,"minecraft:lead":8,"minecraft:smithing_table":1,"minecraft:oak_stairs":1,"minecraft:brewing_stand":4,"minecraft:oak_trapdoor":2,"minecraft:string":6007,"minecraft:iron_axe":3,"minecraft:flint_and_steel":3,"minecraft:iron_shovel":2,"minecraft:bucket":2,"minecraft:beef":21,"minecraft:oak_boat":2,"minecraft:iron_pickaxe":1,"minecraft:poppy":22,"minecraft:light_gray_wool":2,"minecraft:sugar_cane":8,"minecraft:chest":2,"minecraft:copper_ore":6,"minecraft:raw_iron":3,"minecraft:stick":8,"minecraft:stone":129,"minecraft:composter":6,"minecraft:torch":3,"minecraft:acacia_log":45,"minecraft:porkchop":3,"minecraft:stone_button":3,"minecraft:carrot":9,"minecraft:arrow":9,"minecraft:rotten_flesh":26,"minecraft:beetroot_seeds":2,"minecraft:pumpkin_pie":43,"minecraft:shears":1,"minecraft:armadillo_scute":2,"minecraft:mutton":15,"minecraft:white_wool":70,"minecraft:cobblestone":16,"minecraft:oxeye_daisy":1,"minecraft:tripwire_hook":1,"minecraft:leather":14,"minecraft:brown_wool":2,"minecraft:potato":2,"minecraft:flint":2,"minecraft:oak_log":34,"minecraft:yellow_bed":5,"minecraft:gunpowder":8,"minecraft:dirt":602,"minecraft:bone":10,"minecraft:acacia_planks":22,"minecraft:bow":1,"minecraft:stonecutter":2,"minecraft:wheat_seeds":28,"minecraft:iron_ingot":132,"minecraft:stone_hoe":6,"minecraft:oak_planks":23,"minecraft:dandelion":13,"minecraft:gravel":3,"minecraft:sand":6,"minecraft:blast_furnace":2,"minecraft:white_bed":32,"minecraft:loom":3,"minecraft:barrel":11,"minecraft:spider_eye":5,"minecraft:diamond_shovel":3,"minecraft:diamond":12,"minecraft:iron_helmet":1,"minecraft:emerald":174,"minecraft:bread":48,"minecraft:acacia_slab":2,"minecraft:oak_sapling":2,"minecraft:hopper":2,"minecraft:diamond_pickaxe":1},"minecraft:killed":{"minecraft:spider":9,"minecraft:skeleton":10,"minecraft:pig":2,"minecraft:iron_golem":24,"minecraft:creeper":9,"minecraft:sheep":10,"minecraft:trader_llama":2,"minecraft:zombie":17,"minecraft:cow":6}},"DataVersion":3953}