{"stats":{"minecraft:broken":{"minecraft:iron_axe":1,"minecraft:stone_axe":2,"minecraft:wooden_axe":2},"minecraft:mined":{"minecraft:white_bed":31,"minecraft:brewing_stand":1,"minecraft:acacia_log":36,"minecraft:grass_block":145,"minecraft:acacia_slab":2,"minecraft:hopper":2,"minecraft:composter":6,"minecraft:carrots":9,"minecraft:fire":3,"minecraft:barrel":11,"minecraft:potatoes":2,"minecraft:dirt_path":10,"minecraft:oak_stairs":1,"minecraft:stone":10,"minecraft:tripwire":6,"minecraft:smithing_table":1,"minecraft:acacia_leaves":9,"minecraft:crafting_table":4,"minecraft:torch":1,"minecraft:short_grass":88,"minecraft:blast_furnace":2,"minecraft:chest":2,"minecraft:tall_grass":3,"minecraft:cobblestone":6,"minecraft:sugar_cane":2,"minecraft:oak_planks":22,"minecraft:wall_torch":1,"minecraft:wheat":11,"minecraft:yellow_bed":6,"minecraft:oak_log":28,"minecraft:beetroots":2,"minecraft:gravel":5,"minecraft:loom":3,"minecraft:sand":6,"minecraft:dirt":203,"minecraft:acacia_planks":6,"minecraft:tripwire_hook":2,"minecraft:stonecutter":2,"minecraft:oak_leaves":6},"minecraft:killed_by":{"minecraft:player":1},"minecraft:used":{"minecraft:oak_trapdoor":4,"minecraft:flint_and_steel":6,"minecraft:stone_shovel":105,"minecraft:poppy":8,"minecraft:ladder":2,"minecraft:chest":6,"minecraft:wooden_shovel":59,"minecraft:rotten_flesh":3,"minecraft:torch":3,"minecraft:dirt":139,"minecraft:mutton":15,"minecraft:hopper":4,"minecraft:wooden_axe":81,"minecraft:iron_axe":204,"minecraft:acacia_slab":2,"minecraft:barrel":18,"minecraft:tripwire_hook":3,"minecraft:beef":2,"minecraft:cooked_beef":4,"minecraft:acacia_planks":8,"minecraft:water_bucket":22,"minecraft:acacia_trapdoor":3,"minecraft:oak_planks":54,"minecraft:wooden_pickaxe":17,"minecraft:composter":6,"minecraft:sand":6,"minecraft:crafting_table":5,"minecraft:loom":3,"minecraft:blast_furnace":2,"minecraft:white_bed":39,"minecraft:shears":3,"minecraft:lever":1,"minecraft:diamond_shovel":137,"minecraft:iron_pickaxe":8,"minecraft:string":12,"minecraft:stone_axe":178,"minecraft:cooked_porkchop":7,"minecraft:porkchop":3,"minecraft:smithing_table":2,"minecraft:bucket":22,"minecraft:yellow_bed":5,"minecraft:pumpkin_pie":14},"minecraft:custom":{"minecraft:interact_with_smithing_table":1,"minecraft:mob_kills":65,"minecraft:inspect_hopper":13,"minecraft:interact_with_crafting_table":53,"minecraft:open_barrel":21,"minecraft:bell_ring":1,"minecraft:leave_game":2,"minecraft:time_since_death":109786,"minecraft:climb_one_cm":6964,"minecraft:sprint_one_cm":362376,"minecraft:walk_one_cm":318798,"minecraft:drop":19,"minecraft:talked_to_villager":192,"minecraft:play_time":135125,"minecraft:deaths":1,"minecraft:sneak_time":12769,"minecraft:walk_under_water_one_cm":695,"minecraft:jump":3586,"minecraft:walk_on_water_one_cm":13393,"minecraft:total_world_time":135125,"minecraft:interact_with_furnace":9,"minecraft:traded_with_villager":518,"minecraft:sleep_in_bed":8,"minecraft:time_since_rest":1477,"minecraft:damage_taken":1460,"minecraft:damage_dealt":30006,"minecraft:swim_one_cm":3265,"minecraft:fly_one_cm":684481,"minecraft:player_kills":2,"minecraft:open_chest":87,"minecraft:crouch_one_cm":29314,"minecraft:fall_one_cm":91988},"minecraft:crafted":{"minecraft:oak_planks":112,"minecraft:stone_shovel":1,"minecraft:barrel":7,"minecraft:tripwire_hook":2,"minecraft:loom":1,"minecraft:lever":1,"minecraft:diamond_shovel":1,"minecraft:oak_trapdoor":4,"minecraft:flint_and_steel":1,"minecraft:hopper":2,"minecraft:iron_axe":2,"minecraft:ladder":3,"minecraft:chest":6,"minecraft:stone_hoe":12,"minecraft:cooked_beef":4,"minecraft:oak_slab":6,"minecraft:wooden_shovel":1,"minecraft:emerald":377,"minecraft:cooked_porkchop":7,"minecraft:crafting_table":1,"minecraft:acacia_slab":12,"minecraft:wooden_pickaxe":1,"minecraft:iron_helmet":10,"minecraft:acacia_trapdoor":4,"minecraft:smithing_table":2,"minecraft:bucket":1,"minecraft:campfire":30,"minecraft:stone_axe":2,"minecraft:bread":384,"minecraft:air":0,"minecraft:white_wool":53,"minecraft:diamond_pickaxe":1,"minecraft:stick":36,"minecraft:iron_pickaxe":8,"minecraft:iron_ingot":2,"minecraft:wooden_axe":2,"minecraft:white_bed":13,"minecraft:pumpkin_pie":48,"minecraft:acacia_planks":144,"minecraft:shears":1,"minecraft:nautilus_shell":4},"minecraft:dropped":{"minecraft:bread":432,"minecraft:wheat_seeds":3,"minecraft:dirt":2,"minecraft:acacia_planks":14,"minecraft:oak_planks":1,"minecraft:ladder":3},"minecraft:picked_up":{"minecraft:wooden_axe":1,"minecraft:crafting_table":5,"minecraft:ladder":2,"minecraft:lead":2,"minecraft:smithing_table":1,"minecraft:oak_stairs":1,"minecraft:brewing_stand":1,"minecraft:string":5428,"minecraft:beef":21,"minecraft:poppy":21,"minecraft:light_gray_wool":2,"minecraft:sugar_cane":8,"minecraft:chest":2,"minecraft:raw_iron":3,"minecraft:stick":8,"minecraft:composter":6,"minecraft:torch":3,"minecraft:acacia_log":36,"minecraft:porkchop":3,"minecraft:carrot":9,"minecraft:arrow":3,"minecraft:rotten_flesh":10,"minecraft:beetroot_seeds":2,"minecraft:mutton":15,"minecraft:white_wool":13,"minecraft:cobblestone":16,"minecraft:oxeye_daisy":1,"minecraft:tripwire_hook":1,"minecraft:leather":14,"minecraft:brown_wool":2,"minecraft:potato":2,"minecraft:flint":2,"minecraft:oak_log":29,"minecraft:yellow_bed":5,"minecraft:gunpowder":3,"minecraft:dirt":364,"minecraft:bone":5,"minecraft:acacia_planks":20,"minecraft:stonecutter":2,"minecraft:wheat_seeds":24,"minecraft:iron_ingot":97,"minecraft:oak_planks":23,"minecraft:dandelion":3,"minecraft:gravel":3,"minecraft:sand":6,"minecraft:blast_furnace":2,"minecraft:white_bed":32,"minecraft:loom":3,"minecraft:barrel":11,"minecraft:spider_eye":4,"minecraft:diamond":12,"minecraft:bread":48,"minecraft:acacia_slab":2,"minecraft:oak_sapling":2,"minecraft:hopper":2},"minecraft:killed":{"minecraft:spider":6,"minecraft:skeleton":4,"minecraft:pig":2,"minecraft:iron_golem":23,"minecraft:creeper":4,"minecraft:sheep":10,"minecraft:trader_llama":2,"minecraft:zombie":8,"minecraft:cow":6}},"DataVersion":3953}