{"stats":{"minecraft:crafted":{"minecraft:cooked_beef":4,"minecraft:oak_slab":6,"minecraft:oak_planks":96,"minecraft:barrel":1,"minecraft:tripwire_hook":2,"minecraft:cooked_porkchop":7,"minecraft:crafting_table":1,"minecraft:wooden_pickaxe":1,"minecraft:loom":1,"minecraft:lever":1,"minecraft:bucket":1,"minecraft:stone_axe":1,"minecraft:air":0,"minecraft:oak_trapdoor":4,"minecraft:stick":16,"minecraft:iron_ingot":2,"minecraft:wooden_axe":2,"minecraft:chest":1,"minecraft:white_bed":1,"minecraft:acacia_planks":4,"minecraft:shears":1},"minecraft:broken":{"minecraft:wooden_axe":2},"minecraft:mined":{"minecraft:white_bed":1,"minecraft:crafting_table":4,"minecraft:short_grass":61,"minecraft:acacia_log":1,"minecraft:grass_block":18,"minecraft:tall_grass":3,"minecraft:composter":1,"minecraft:oak_planks":15,"minecraft:sugar_cane":2,"minecraft:carrots":9,"minecraft:barrel":1,"minecraft:wheat":11,"minecraft:potatoes":2,"minecraft:oak_log":24,"minecraft:beetroots":2,"minecraft:oak_stairs":1,"minecraft:loom":3,"minecraft:sand":6,"minecraft:dirt":42,"minecraft:tripwire_hook":2,"minecraft:stonecutter":1,"minecraft:stone":4,"minecraft:oak_leaves":6,"minecraft:tripwire":2},"minecraft:dropped":{"minecraft:wheat_seeds":2,"minecraft:oak_planks":1},"minecraft:custom":{"minecraft:interact_with_furnace":9,"minecraft:mob_kills":30,"minecraft:interact_with_crafting_table":14,"minecraft:bell_ring":1,"minecraft:leave_game":1,"minecraft:time_since_death":28651,"minecraft:sleep_in_bed":1,"minecraft:climb_one_cm":368,"minecraft:time_since_rest":28675,"minecraft:sprint_one_cm":178979,"minecraft:damage_taken":780,"minecraft:walk_one_cm":110302,"minecraft:drop":3,"minecraft:damage_dealt":5340,"minecraft:swim_one_cm":3265,"minecraft:talked_to_villager":14,"minecraft:fly_one_cm":414463,"minecraft:player_kills":2,"minecraft:open_chest":4,"minecraft:crouch_one_cm":4354,"minecraft:play_time":53990,"minecraft:deaths":1,"minecraft:sneak_time":1818,"minecraft:walk_under_water_one_cm":484,"minecraft:jump":1813,"minecraft:walk_on_water_one_cm":7003,"minecraft:total_world_time":53990,"minecraft:fall_one_cm":59029},"minecraft:killed":{"minecraft:pig":2,"minecraft:spider":5,"minecraft:iron_golem":1,"minecraft:creeper":1,"minecraft:sheep":10,"minecraft:skeleton":1,"minecraft:zombie":4,"minecraft:cow":6},"minecraft:picked_up":{"minecraft:wooden_axe":1,"minecraft:crafting_table":5,"minecraft:tripwire_hook":1,"minecraft:leather":12,"minecraft:brown_wool":2,"minecraft:oak_stairs":1,"minecraft:potato":2,"minecraft:oak_log":25,"minecraft:gunpowder":2,"minecraft:dirt":72,"minecraft:string":333,"minecraft:bone":1,"minecraft:stonecutter":1,"minecraft:wheat_seeds":22,"minecraft:beef":21,"minecraft:iron_ingot":4,"minecraft:poppy":1,"minecraft:light_gray_wool":2,"minecraft:sugar_cane":8,"minecraft:oak_planks":17,"minecraft:raw_iron":3,"minecraft:stick":6,"minecraft:composter":1,"minecraft:dandelion":3,"minecraft:acacia_log":1,"minecraft:porkchop":3,"minecraft:sand":6,"minecraft:loom":3,"minecraft:white_bed":2,"minecraft:carrot":9,"minecraft:barrel":1,"minecraft:spider_eye":3,"minecraft:arrow":1,"minecraft:rotten_flesh":3,"minecraft:beetroot_seeds":2,"minecraft:oak_sapling":2,"minecraft:mutton":15,"minecraft:white_wool":13,"minecraft:cobblestone":4,"minecraft:oxeye_daisy":1},"minecraft:killed_by":{"minecraft:player":1},"minecraft:used":{"minecraft:oak_trapdoor":2,"minecraft:water_bucket":18,"minecraft:oak_planks":42,"minecraft:chest":1,"minecraft:wooden_pickaxe":5,"minecraft:rotten_flesh":3,"minecraft:dirt":50,"minecraft:sand":6,"minecraft:mutton":15,"minecraft:crafting_table":5,"minecraft:loom":3,"minecraft:white_bed":1,"minecraft:shears":2,"minecraft:wooden_axe":81,"minecraft:lever":1,"minecraft:string":6,"minecraft:barrel":2,"minecraft:stone_axe":60,"minecraft:tripwire_hook":3,"minecraft:beef":2,"minecraft:cooked_porkchop":3,"minecraft:porkchop":3,"minecraft:bucket":18,"minecraft:cooked_beef":4}},"DataVersion":3953}