{"stats":{"minecraft:broken":{"minecraft:iron_shovel":1,"minecraft:stone_axe":2,"minecraft:wooden_axe":2,"minecraft:iron_axe":4},"minecraft:mined":{"minecraft:white_bed":60,"minecraft:brewing_stand":1,"minecraft:obsidian":5,"minecraft:granite":1,"minecraft:acacia_log":60,"minecraft:grass_block":251,"minecraft:hopper":4,"minecraft:composter":7,"minecraft:fire":5,"minecraft:barrel":47,"minecraft:cobbled_deepslate":1,"minecraft:deepslate_lapis_ore":29,"minecraft:dirt_path":51,"minecraft:oak_stairs":1,"minecraft:tripwire":21,"minecraft:torch":1,"minecraft:blast_furnace":5,"minecraft:chest":4,"minecraft:cobblestone":24,"minecraft:grindstone":3,"minecraft:sugar_cane":14,"minecraft:oak_planks":112,"minecraft:wall_torch":2,"minecraft:wheat":11,"minecraft:oak_log":130,"minecraft:beetroots":2,"minecraft:loom":3,"minecraft:sand":25,"minecraft:dirt":795,"minecraft:tripwire_hook":3,"minecraft:stonecutter":2,"minecraft:oak_leaves":35,"minecraft:deepslate":65,"minecraft:tuff":12,"minecraft:deepslate_diamond_ore":25,"minecraft:stone_button":1,"minecraft:acacia_slab":3,"minecraft:oak_trapdoor":12,"minecraft:carrots":9,"minecraft:acacia_trapdoor":6,"minecraft:andesite":8,"minecraft:bookshelf":9,"minecraft:potatoes":2,"minecraft:stripped_oak_log":1,"minecraft:stone":247,"minecraft:white_wool":3,"minecraft:smithing_table":2,"minecraft:acacia_leaves":21,"minecraft:dandelion":7,"minecraft:crafting_table":8,"minecraft:short_grass":237,"minecraft:lectern":199,"minecraft:stone_slab":1,"minecraft:tall_grass":7,"minecraft:copper_ore":7,"minecraft:deepslate_coal_ore":2,"minecraft:deepslate_gold_ore":41,"minecraft:diorite":6,"minecraft:yellow_bed":8,"minecraft:coal_ore":26,"minecraft:gravel":5,"minecraft:acacia_planks":11,"minecraft:stone_bricks":10,"minecraft:gold_ore":4},"minecraft:killed_by":{"minecraft:zombie_villager":1,"minecraft:zombie":1,"minecraft:player":1,"minecraft:iron_golem":1,"minecraft:skeleton":3},"minecraft:custom":{"minecraft:interact_with_crafting_table":124,"minecraft:open_barrel":482,"minecraft:bell_ring":1,"minecraft:leave_game":6,"minecraft:time_since_death":213537,"minecraft:sprint_one_cm":1150604,"minecraft:damage_blocked_by_shield":105,"minecraft:drop":139,"minecraft:talked_to_villager":940,"minecraft:play_time":506549,"minecraft:deaths":7,"minecraft:jump":11037,"minecraft:walk_on_water_one_cm":106071,"minecraft:enchant_item":21,"minecraft:interact_with_furnace":21,"minecraft:traded_with_villager":2871,"minecraft:sleep_in_bed":23,"minecraft:damage_dealt":58379,"minecraft:player_kills":2,"minecraft:crouch_one_cm":85270,"minecraft:interact_with_smithing_table":1,"minecraft:interact_with_anvil":5,"minecraft:mob_kills":159,"minecraft:inspect_hopper":43,"minecraft:climb_one_cm":17522,"minecraft:walk_one_cm":1219492,"minecraft:sneak_time":34322,"minecraft:walk_under_water_one_cm":8716,"minecraft:boat_one_cm":13944,"minecraft:interact_with_blast_furnace":3,"minecraft:total_world_time":506549,"minecraft:interact_with_grindstone":21,"minecraft:time_since_rest":11695,"minecraft:damage_taken":5918,"minecraft:swim_one_cm":18346,"minecraft:fly_one_cm":2098073,"minecraft:open_chest":318,"minecraft:fall_one_cm":288612},"minecraft:used":{"minecraft:iron_shovel":547,"minecraft:poppy":10,"minecraft:ladder":2,"minecraft:chest":10,"minecraft:shield":4,"minecraft:stone":19,"minecraft:rotten_flesh":5,"minecraft:mutton":15,"minecraft:tuff":8,"minecraft:lava_bucket":16,"minecraft:iron_helmet":1,"minecraft:stone_brick_stairs":18,"minecraft:stone_bricks":91,"minecraft:furnace":1,"minecraft:acacia_trapdoor":10,"minecraft:oak_planks":160,"minecraft:wooden_pickaxe":17,"minecraft:composter":8,"minecraft:diamond_axe":194,"minecraft:white_wool":3,"minecraft:sand":10,"minecraft:loom":3,"minecraft:blast_furnace":5,"minecraft:shears":7,"minecraft:lever":2,"minecraft:string":26,"minecraft:stone_button":8,"minecraft:lectern":204,"minecraft:grindstone":3,"minecraft:smithing_table":2,"minecraft:oak_boat":16,"minecraft:oak_trapdoor":37,"minecraft:enchanting_table":1,"minecraft:flint_and_steel":8,"minecraft:stone_shovel":105,"minecraft:wooden_shovel":59,"minecraft:torch":3,"minecraft:dirt":775,"minecraft:anvil":1,"minecraft:hopper":11,"minecraft:small_dripleaf":2,"minecraft:wooden_axe":81,"minecraft:bookshelf":24,"minecraft:iron_axe":858,"minecraft:acacia_slab":3,"minecraft:barrel":64,"minecraft:tripwire_hook":6,"minecraft:beef":2,"minecraft:cooked_beef":4,"minecraft:acacia_planks":11,"minecraft:cobbled_deepslate":60,"minecraft:acacia_boat":14,"minecraft:water_bucket":105,"minecraft:cartography_table":1,"minecraft:leather_boots":1,"minecraft:crafting_table":11,"minecraft:white_bed":74,"minecraft:oak_log":3,"minecraft:diamond_pickaxe":488,"minecraft:diamond_shovel":955,"minecraft:acacia_sign":3,"minecraft:iron_pickaxe":33,"minecraft:stone_slab":1,"minecraft:stone_axe":178,"minecraft:cooked_porkchop":7,"minecraft:porkchop":3,"minecraft:bucket":124,"minecraft:yellow_bed":6,"minecraft:pumpkin_pie":112,"minecraft:dandelion":1},"minecraft:dropped":{"minecraft:lapis_lazuli":48,"minecraft:dirt":13,"minecraft:stone_button":3,"minecraft:pumpkin_pie":45,"minecraft:sand":3,"minecraft:bone":1,"minecraft:rotten_flesh":1,"minecraft:oak_planks":1,"minecraft:leather_boots":1,"minecraft:ladder":3,"minecraft:arrow":1,"minecraft:lectern":1,"minecraft:egg":1,"minecraft:stone_hoe":5,"minecraft:bread":1104,"minecraft:wheat_seeds":3,"minecraft:book":5,"minecraft:iron_axe":1,"minecraft:chainmail_leggings":24,"minecraft:string":460,"minecraft:acacia_planks":15,"minecraft:composter":2,"minecraft:iron_boots":19,"minecraft:stone":1,"minecraft:shield":13,"minecraft:spider_eye":2,"minecraft:bow":1},"minecraft:crafted":{"minecraft:grindstone":1,"minecraft:oak_planks":368,"minecraft:barrel":18,"minecraft:loom":1,"minecraft:lever":1,"minecraft:diamond_shovel":1,"minecraft:bookshelf":33,"minecraft:hopper":7,"minecraft:glass":51,"minecraft:diamond_helmet":5,"minecraft:diamond_leggings":5,"minecraft:iron_boots":11,"minecraft:chest":13,"minecraft:stone_hoe":12,"minecraft:stone_bricks":144,"minecraft:oak_slab":66,"minecraft:wooden_shovel":1,"minecraft:emerald":2439,"minecraft:cooked_porkchop":7,"minecraft:diamond_axe":1,"minecraft:map":11,"minecraft:crafting_table":4,"minecraft:acacia_slab":48,"minecraft:wooden_pickaxe":1,"minecraft:iron_helmet":10,"minecraft:smithing_table":2,"minecraft:campfire":66,"minecraft:cartography_table":1,"minecraft:stone_brick_stairs":24,"minecraft:lectern":8,"minecraft:diamond_pickaxe":3,"minecraft:iron_chestplate":1,"minecraft:book":9,"minecraft:charcoal":5,"minecraft:paper":30,"minecraft:shield":10,"minecraft:stick":68,"minecraft:stone_slab":12,"minecraft:iron_pickaxe":8,"minecraft:iron_ingot":2,"minecraft:iron_block":14,"minecraft:composter":1,"minecraft:shears":2,"minecraft:nautilus_shell":4,"minecraft:small_dripleaf":2,"minecraft:stone_shovel":1,"minecraft:tripwire_hook":2,"minecraft:furnace":1,"minecraft:stone_button":6,"minecraft:glass_pane":128,"minecraft:oak_trapdoor":34,"minecraft:flint_and_steel":1,"minecraft:iron_axe":5,"minecraft:ladder":3,"minecraft:diamond_boots":6,"minecraft:spruce_sapling":1,"minecraft:chainmail_leggings":12,"minecraft:cooked_beef":4,"minecraft:enchanting_table":1,"minecraft:acacia_trapdoor":6,"minecraft:bucket":3,"minecraft:stone_axe":2,"minecraft:enchanted_book":11,"minecraft:bread":1056,"minecraft:acacia_boat":1,"minecraft:air":0,"minecraft:oak_boat":1,"minecraft:white_wool":53,"minecraft:acacia_sign":3,"minecraft:wooden_axe":2,"minecraft:iron_shovel":2,"minecraft:iron_leggings":1,"minecraft:anvil":1,"minecraft:white_bed":15,"minecraft:pumpkin_pie":144,"minecraft:acacia_planks":240,"minecraft:diamond_chestplate":4},"minecraft:picked_up":{"minecraft:wooden_axe":1,"minecraft:stone_slab":6,"minecraft:smithing_table":2,"minecraft:lead":49,"minecraft:oak_stairs":3,"minecraft:brewing_stand":4,"minecraft:string":10548,"minecraft:raw_copper":9,"minecraft:diamond_leggings":4,"minecraft:cobbled_deepslate":63,"minecraft:bucket":2,"minecraft:wooden_shovel":2,"minecraft:iron_pickaxe":4,"minecraft:iron_boots":9,"minecraft:stick":9,"minecraft:composter":9,"minecraft:torch":6,"minecraft:acacia_log":60,"minecraft:porkchop":5,"minecraft:diorite":6,"minecraft:rotten_flesh":44,"minecraft:armadillo_scute":6,"minecraft:obsidian":20,"minecraft:cobblestone":130,"minecraft:nautilus_shell":2,"minecraft:water_bucket":3,"minecraft:andesite":32,"minecraft:brown_wool":2,"minecraft:potato":2,"minecraft:flint":2,"minecraft:tuff":12,"minecraft:acacia_boat":16,"minecraft:lapis_lazuli":365,"minecraft:dirt":1274,"minecraft:leather_boots":2,"minecraft:bone":26,"minecraft:acacia_planks":40,"minecraft:stonecutter":6,"minecraft:bow":1,"minecraft:wheat_seeds":37,"minecraft:raw_gold":80,"minecraft:grindstone":3,"minecraft:diamond_helmet":4,"minecraft:stone_hoe":6,"minecraft:oak_planks":151,"minecraft:sand":27,"minecraft:loom":3,"minecraft:barrel":47,"minecraft:diamond":57,"minecraft:lever":1,"minecraft:bread":48,"minecraft:emerald":309,"minecraft:oak_sapling":7,"minecraft:diamond_pickaxe":4,"minecraft:crafting_table":15,"minecraft:ladder":2,"minecraft:wooden_pickaxe":2,"minecraft:shield":5,"minecraft:oak_trapdoor":12,"minecraft:iron_axe":7,"minecraft:flint_and_steel":3,"minecraft:iron_shovel":4,"minecraft:beef":56,"minecraft:oak_boat":16,"minecraft:poppy":45,"minecraft:light_gray_wool":2,"minecraft:lectern":199,"minecraft:sugar_cane":37,"minecraft:chest":4,"minecraft:egg":5,"minecraft:copper_ore":7,"minecraft:raw_iron":3,"minecraft:stone":402,"minecraft:stone_button":8,"minecraft:carrot":9,"minecraft:arrow":14,"minecraft:diamond_chestplate":2,"minecraft:beetroot_seeds":2,"minecraft:pumpkin_pie":189,"minecraft:shears":4,"minecraft:diamond_boots":4,"minecraft:mutton":15,"minecraft:white_wool":118,"minecraft:oxeye_daisy":1,"minecraft:stripped_oak_log":1,"minecraft:tripwire_hook":4,"minecraft:glow_ink_sac":3,"minecraft:leather":26,"minecraft:wolf_armor":7,"minecraft:oak_log":130,"minecraft:yellow_bed":7,"minecraft:gunpowder":18,"minecraft:apple":1,"minecraft:stone_bricks":10,"minecraft:acacia_trapdoor":7,"minecraft:iron_ingot":357,"minecraft:book":27,"minecraft:oak_slab":6,"minecraft:dandelion":18,"minecraft:gravel":3,"minecraft:spruce_sapling":3,"minecraft:blast_furnace":7,"minecraft:white_bed":61,"minecraft:spider_eye":11,"minecraft:diamond_shovel":6,"minecraft:campfire":24,"minecraft:chainmail_leggings":12,"minecraft:iron_helmet":4,"minecraft:acacia_slab":3,"minecraft:coal":35,"minecraft:hopper":4},"minecraft:killed":{"minecraft:spider":11,"minecraft:skeleton":21,"minecraft:pig":3,"minecraft:iron_golem":40,"minecraft:creeper":16,"minecraft:sheep":10,"minecraft:trader_llama":6,"minecraft:pillager":1,"minecraft:zombie":29,"minecraft:cow":18,"minecraft:wandering_trader":1}},"DataVersion":3953}