{"stats":{"minecraft:mined":{"minecraft:short_grass":2,"minecraft:grass_block":1,"minecraft:sand":5,"minecraft:dirt":3},"minecraft:custom":{"minecraft:jump":43,"minecraft:time_since_rest":1453,"minecraft:sprint_one_cm":4284,"minecraft:play_time":1453,"minecraft:time_since_death":1453,"minecraft:walk_one_cm":2587,"minecraft:total_world_time":1453,"minecraft:fall_one_cm":836,"minecraft:fly_one_cm":11155},"minecraft:picked_up":{"minecraft:sand":5,"minecraft:wheat_seeds":1,"minecraft:dirt":3},"minecraft:used":{"minecraft:dirt":3,"minecraft:sand":5}},"DataVersion":3953}