{"stats":{"minecraft:broken":{"minecraft:iron_shovel":1,"minecraft:iron_axe":3,"minecraft:stone_axe":2,"minecraft:wooden_axe":2},"minecraft:mined":{"minecraft:white_bed":50,"minecraft:brewing_stand":1,"minecraft:obsidian":5,"minecraft:stone_button":1,"minecraft:acacia_log":55,"minecraft:grass_block":235,"minecraft:acacia_slab":3,"minecraft:composter":7,"minecraft:hopper":4,"minecraft:oak_trapdoor":12,"minecraft:carrots":9,"minecraft:acacia_trapdoor":6,"minecraft:barrel":46,"minecraft:fire":5,"minecraft:andesite":8,"minecraft:potatoes":2,"minecraft:dirt_path":50,"minecraft:oak_stairs":1,"minecraft:stripped_oak_log":1,"minecraft:stone":173,"minecraft:white_wool":3,"minecraft:tripwire":18,"minecraft:smithing_table":2,"minecraft:acacia_leaves":19,"minecraft:dandelion":7,"minecraft:crafting_table":8,"minecraft:torch":1,"minecraft:short_grass":220,"minecraft:blast_furnace":5,"minecraft:chest":4,"minecraft:stone_slab":1,"minecraft:copper_ore":6,"minecraft:tall_grass":5,"minecraft:cobblestone":20,"minecraft:oak_planks":112,"minecraft:sugar_cane":14,"minecraft:wall_torch":2,"minecraft:wheat":11,"minecraft:yellow_bed":8,"minecraft:oak_log":87,"minecraft:beetroots":2,"minecraft:gravel":5,"minecraft:loom":3,"minecraft:sand":25,"minecraft:dirt":617,"minecraft:tripwire_hook":3,"minecraft:acacia_planks":11,"minecraft:stone_bricks":8,"minecraft:stonecutter":2,"minecraft:oak_leaves":25},"minecraft:killed_by":{"minecraft:zombie_villager":1,"minecraft:player":1,"minecraft:iron_golem":1,"minecraft:skeleton":3,"minecraft:zombie":1},"minecraft:used":{"minecraft:oak_trapdoor":31,"minecraft:iron_shovel":547,"minecraft:flint_and_steel":8,"minecraft:stone_shovel":105,"minecraft:ladder":2,"minecraft:poppy":8,"minecraft:chest":10,"minecraft:stone":15,"minecraft:wooden_shovel":59,"minecraft:rotten_flesh":3,"minecraft:torch":3,"minecraft:dirt":594,"minecraft:mutton":15,"minecraft:hopper":11,"minecraft:small_dripleaf":2,"minecraft:wooden_axe":81,"minecraft:lava_bucket":11,"minecraft:iron_axe":667,"minecraft:acacia_slab":3,"minecraft:iron_helmet":1,"minecraft:stone_brick_stairs":12,"minecraft:barrel":63,"minecraft:stone_bricks":86,"minecraft:tripwire_hook":6,"minecraft:beef":2,"minecraft:furnace":1,"minecraft:cooked_beef":4,"minecraft:acacia_planks":11,"minecraft:acacia_boat":7,"minecraft:water_bucket":82,"minecraft:acacia_trapdoor":10,"minecraft:oak_planks":160,"minecraft:wooden_pickaxe":17,"minecraft:composter":8,"minecraft:leather_boots":1,"minecraft:white_wool":3,"minecraft:sand":10,"minecraft:crafting_table":11,"minecraft:loom":3,"minecraft:blast_furnace":4,"minecraft:white_bed":64,"minecraft:shears":7,"minecraft:lever":2,"minecraft:diamond_pickaxe":202,"minecraft:diamond_shovel":758,"minecraft:acacia_sign":3,"minecraft:iron_pickaxe":21,"minecraft:stone_button":8,"minecraft:string":23,"minecraft:stone_slab":1,"minecraft:stone_axe":178,"minecraft:porkchop":3,"minecraft:smithing_table":2,"minecraft:cooked_porkchop":7,"minecraft:oak_boat":16,"minecraft:bucket":94,"minecraft:pumpkin_pie":76,"minecraft:yellow_bed":6,"minecraft:dandelion":1},"minecraft:custom":{"minecraft:interact_with_smithing_table":1,"minecraft:mob_kills":126,"minecraft:inspect_hopper":28,"minecraft:interact_with_crafting_table":101,"minecraft:open_barrel":142,"minecraft:bell_ring":1,"minecraft:leave_game":5,"minecraft:time_since_death":55150,"minecraft:climb_one_cm":15941,"minecraft:sprint_one_cm":783488,"minecraft:walk_one_cm":853368,"minecraft:drop":61,"minecraft:talked_to_villager":430,"minecraft:play_time":348162,"minecraft:deaths":7,"minecraft:sneak_time":28110,"minecraft:walk_under_water_one_cm":3756,"minecraft:boat_one_cm":13686,"minecraft:jump":7848,"minecraft:interact_with_blast_furnace":2,"minecraft:walk_on_water_one_cm":72778,"minecraft:total_world_time":348162,"minecraft:interact_with_furnace":21,"minecraft:traded_with_villager":1545,"minecraft:sleep_in_bed":14,"minecraft:time_since_rest":12576,"minecraft:damage_taken":5030,"minecraft:damage_dealt":47317,"minecraft:player_kills":2,"minecraft:swim_one_cm":14006,"minecraft:fly_one_cm":1518140,"minecraft:open_chest":235,"minecraft:crouch_one_cm":67619,"minecraft:fall_one_cm":203974},"minecraft:crafted":{"minecraft:oak_planks":316,"minecraft:stone_shovel":1,"minecraft:barrel":18,"minecraft:tripwire_hook":2,"minecraft:furnace":1,"minecraft:stone_button":6,"minecraft:loom":1,"minecraft:lever":1,"minecraft:diamond_shovel":1,"minecraft:bookshelf":1,"minecraft:flint_and_steel":1,"minecraft:oak_trapdoor":22,"minecraft:glass":3,"minecraft:hopper":7,"minecraft:iron_axe":4,"minecraft:ladder":3,"minecraft:chest":13,"minecraft:spruce_sapling":1,"minecraft:stone_hoe":12,"minecraft:stone_bricks":116,"minecraft:cooked_beef":4,"minecraft:oak_slab":66,"minecraft:wooden_shovel":1,"minecraft:emerald":1274,"minecraft:cooked_porkchop":7,"minecraft:crafting_table":4,"minecraft:acacia_slab":18,"minecraft:wooden_pickaxe":1,"minecraft:iron_helmet":10,"minecraft:acacia_trapdoor":6,"minecraft:smithing_table":2,"minecraft:bucket":1,"minecraft:campfire":66,"minecraft:stone_axe":2,"minecraft:bread":864,"minecraft:air":0,"minecraft:oak_boat":1,"minecraft:stone_brick_stairs":16,"minecraft:lectern":1,"minecraft:white_wool":53,"minecraft:book":9,"minecraft:paper":27,"minecraft:charcoal":5,"minecraft:diamond_pickaxe":1,"minecraft:acacia_sign":3,"minecraft:stick":52,"minecraft:stone_slab":6,"minecraft:iron_ingot":2,"minecraft:iron_pickaxe":8,"minecraft:wooden_axe":2,"minecraft:iron_shovel":2,"minecraft:white_bed":15,"minecraft:pumpkin_pie":96,"minecraft:composter":1,"minecraft:acacia_planks":220,"minecraft:shears":2,"minecraft:nautilus_shell":4,"minecraft:small_dripleaf":2},"minecraft:dropped":{"minecraft:stone_hoe":5,"minecraft:bread":912,"minecraft:wheat_seeds":3,"minecraft:dirt":13,"minecraft:stone_button":3,"minecraft:sand":3,"minecraft:string":145,"minecraft:acacia_planks":15,"minecraft:composter":2,"minecraft:rotten_flesh":1,"minecraft:oak_planks":1,"minecraft:stone":1,"minecraft:ladder":3,"minecraft:spider_eye":2,"minecraft:bow":1,"minecraft:egg":1},"minecraft:picked_up":{"minecraft:wooden_axe":1,"minecraft:crafting_table":15,"minecraft:ladder":2,"minecraft:smithing_table":2,"minecraft:stone_slab":6,"minecraft:lead":40,"minecraft:wooden_pickaxe":2,"minecraft:oak_stairs":3,"minecraft:brewing_stand":4,"minecraft:string":8487,"minecraft:oak_trapdoor":12,"minecraft:iron_axe":6,"minecraft:flint_and_steel":3,"minecraft:iron_shovel":4,"minecraft:bucket":2,"minecraft:beef":56,"minecraft:oak_boat":16,"minecraft:wooden_shovel":2,"minecraft:poppy":37,"minecraft:iron_pickaxe":4,"minecraft:light_gray_wool":2,"minecraft:sugar_cane":37,"minecraft:chest":4,"minecraft:egg":5,"minecraft:copper_ore":7,"minecraft:stick":9,"minecraft:raw_iron":3,"minecraft:stone":367,"minecraft:composter":9,"minecraft:torch":6,"minecraft:acacia_log":55,"minecraft:porkchop":3,"minecraft:stone_button":8,"minecraft:carrot":9,"minecraft:arrow":11,"minecraft:rotten_flesh":40,"minecraft:beetroot_seeds":2,"minecraft:pumpkin_pie":144,"minecraft:shears":4,"minecraft:armadillo_scute":6,"minecraft:obsidian":20,"minecraft:mutton":15,"minecraft:cobblestone":86,"minecraft:white_wool":118,"minecraft:oxeye_daisy":1,"minecraft:nautilus_shell":2,"minecraft:stripped_oak_log":1,"minecraft:tripwire_hook":4,"minecraft:water_bucket":3,"minecraft:andesite":32,"minecraft:brown_wool":2,"minecraft:leather":24,"minecraft:potato":2,"minecraft:wolf_armor":7,"minecraft:flint":2,"minecraft:oak_log":87,"minecraft:yellow_bed":7,"minecraft:gunpowder":14,"minecraft:acacia_boat":9,"minecraft:dirt":1078,"minecraft:leather_boots":2,"minecraft:bone":22,"minecraft:acacia_planks":40,"minecraft:apple":1,"minecraft:stone_bricks":8,"minecraft:bow":1,"minecraft:stonecutter":6,"minecraft:wheat_seeds":36,"minecraft:acacia_trapdoor":7,"minecraft:iron_ingot":328,"minecraft:stone_hoe":6,"minecraft:oak_planks":151,"minecraft:oak_slab":6,"minecraft:dandelion":18,"minecraft:gravel":3,"minecraft:sand":27,"minecraft:spruce_sapling":3,"minecraft:blast_furnace":7,"minecraft:white_bed":51,"minecraft:loom":3,"minecraft:spider_eye":11,"minecraft:barrel":46,"minecraft:diamond_shovel":6,"minecraft:diamond":12,"minecraft:campfire":24,"minecraft:lever":1,"minecraft:iron_helmet":4,"minecraft:bread":48,"minecraft:emerald":297,"minecraft:oak_sapling":5,"minecraft:acacia_slab":3,"minecraft:hopper":4,"minecraft:diamond_pickaxe":4},"minecraft:killed":{"minecraft:spider":9,"minecraft:skeleton":13,"minecraft:pig":2,"minecraft:iron_golem":33,"minecraft:creeper":12,"minecraft:sheep":10,"minecraft:trader_llama":4,"minecraft:zombie":24,"minecraft:cow":18}},"DataVersion":3953}