{"stats":{"minecraft:mined":{"minecraft:short_grass":4,"minecraft:grass_block":7,"minecraft:dirt":7,"minecraft:sand":5,"minecraft:sugar_cane":2},"minecraft:dropped":{"minecraft:wheat_seeds":2},"minecraft:custom":{"minecraft:time_since_rest":5990,"minecraft:sprint_one_cm":22648,"minecraft:play_time":5990,"minecraft:damage_taken":25,"minecraft:walk_one_cm":9239,"minecraft:walk_under_water_one_cm":109,"minecraft:mob_kills":1,"minecraft:drop":2,"minecraft:jump":225,"minecraft:damage_dealt":80,"minecraft:leave_game":1,"minecraft:walk_on_water_one_cm":274,"minecraft:time_since_death":5990,"minecraft:total_world_time":5990,"minecraft:swim_one_cm":1168,"minecraft:fall_one_cm":6866,"minecraft:fly_one_cm":59651},"minecraft:picked_up":{"minecraft:wheat_seeds":3,"minecraft:sand":5,"minecraft:light_gray_wool":1,"minecraft:sugar_cane":4,"minecraft:mutton":1,"minecraft:dirt":14},"minecraft:killed":{"minecraft:sheep":1},"minecraft:used":{"minecraft:dirt":12,"minecraft:sand":5,"minecraft:mutton":1}},"DataVersion":3953}