{"stats":{"minecraft:crafted":{"minecraft:cooked_beef":4,"minecraft:oak_slab":6,"minecraft:oak_planks":96,"minecraft:wooden_shovel":1,"minecraft:stone_shovel":1,"minecraft:barrel":2,"minecraft:emerald":86,"minecraft:tripwire_hook":2,"minecraft:cooked_porkchop":7,"minecraft:crafting_table":1,"minecraft:iron_helmet":10,"minecraft:wooden_pickaxe":1,"minecraft:acacia_trapdoor":4,"minecraft:loom":1,"minecraft:lever":1,"minecraft:bucket":1,"minecraft:stone_axe":2,"minecraft:bread":192,"minecraft:air":0,"minecraft:oak_trapdoor":4,"minecraft:ladder":3,"minecraft:stick":24,"minecraft:iron_ingot":2,"minecraft:wooden_axe":2,"minecraft:chest":1,"minecraft:white_bed":1,"minecraft:acacia_planks":28,"minecraft:shears":1},"minecraft:broken":{"minecraft:stone_axe":1,"minecraft:wooden_axe":2},"minecraft:mined":{"minecraft:acacia_leaves":4,"minecraft:white_bed":10,"minecraft:brewing_stand":1,"minecraft:crafting_table":4,"minecraft:short_grass":78,"minecraft:blast_furnace":2,"minecraft:acacia_log":7,"minecraft:grass_block":37,"minecraft:tall_grass":3,"minecraft:cobblestone":6,"minecraft:composter":4,"minecraft:oak_planks":19,"minecraft:sugar_cane":2,"minecraft:wall_torch":1,"minecraft:carrots":9,"minecraft:barrel":8,"minecraft:wheat":11,"minecraft:yellow_bed":4,"minecraft:dirt_path":5,"minecraft:potatoes":2,"minecraft:oak_log":27,"minecraft:beetroots":2,"minecraft:oak_stairs":1,"minecraft:loom":3,"minecraft:sand":6,"minecraft:dirt":92,"minecraft:tripwire_hook":2,"minecraft:stonecutter":2,"minecraft:stone":4,"minecraft:oak_leaves":6,"minecraft:tripwire":3},"minecraft:dropped":{"minecraft:bread":192,"minecraft:wheat_seeds":3,"minecraft:oak_planks":1,"minecraft:ladder":3},"minecraft:custom":{"minecraft:interact_with_furnace":9,"minecraft:mob_kills":36,"minecraft:traded_with_villager":128,"minecraft:interact_with_crafting_table":26,"minecraft:open_barrel":4,"minecraft:bell_ring":1,"minecraft:leave_game":1,"minecraft:time_since_death":52651,"minecraft:sleep_in_bed":3,"minecraft:climb_one_cm":887,"minecraft:time_since_rest":21890,"minecraft:sprint_one_cm":251048,"minecraft:damage_taken":780,"minecraft:walk_one_cm":175786,"minecraft:drop":10,"minecraft:damage_dealt":8510,"minecraft:swim_one_cm":3265,"minecraft:talked_to_villager":53,"minecraft:fly_one_cm":524388,"minecraft:player_kills":2,"minecraft:open_chest":14,"minecraft:crouch_one_cm":11365,"minecraft:play_time":77990,"minecraft:deaths":1,"minecraft:sneak_time":4183,"minecraft:walk_under_water_one_cm":484,"minecraft:jump":2376,"minecraft:walk_on_water_one_cm":11602,"minecraft:total_world_time":77990,"minecraft:fall_one_cm":69591},"minecraft:killed":{"minecraft:pig":2,"minecraft:spider":5,"minecraft:iron_golem":3,"minecraft:creeper":3,"minecraft:sheep":10,"minecraft:skeleton":1,"minecraft:zombie":6,"minecraft:cow":6},"minecraft:picked_up":{"minecraft:wooden_axe":1,"minecraft:crafting_table":5,"minecraft:ladder":2,"minecraft:tripwire_hook":1,"minecraft:leather":12,"minecraft:brown_wool":2,"minecraft:oak_stairs":1,"minecraft:potato":2,"minecraft:oak_log":28,"minecraft:brewing_stand":1,"minecraft:yellow_bed":4,"minecraft:gunpowder":3,"minecraft:dirt":143,"minecraft:string":3977,"minecraft:bone":1,"minecraft:stonecutter":2,"minecraft:wheat_seeds":24,"minecraft:beef":21,"minecraft:iron_ingot":12,"minecraft:poppy":5,"minecraft:light_gray_wool":2,"minecraft:sugar_cane":8,"minecraft:oak_planks":21,"minecraft:raw_iron":3,"minecraft:stick":6,"minecraft:composter":4,"minecraft:torch":1,"minecraft:dandelion":3,"minecraft:acacia_log":7,"minecraft:porkchop":3,"minecraft:sand":6,"minecraft:blast_furnace":2,"minecraft:loom":3,"minecraft:white_bed":11,"minecraft:carrot":9,"minecraft:barrel":8,"minecraft:spider_eye":3,"minecraft:arrow":1,"minecraft:rotten_flesh":7,"minecraft:beetroot_seeds":2,"minecraft:oak_sapling":2,"minecraft:mutton":15,"minecraft:white_wool":13,"minecraft:cobblestone":10,"minecraft:oxeye_daisy":1},"minecraft:killed_by":{"minecraft:player":1},"minecraft:used":{"minecraft:oak_trapdoor":3,"minecraft:water_bucket":21,"minecraft:poppy":2,"minecraft:acacia_trapdoor":3,"minecraft:stone_shovel":17,"minecraft:ladder":1,"minecraft:oak_planks":54,"minecraft:chest":1,"minecraft:wooden_pickaxe":17,"minecraft:composter":4,"minecraft:wooden_shovel":59,"minecraft:rotten_flesh":3,"minecraft:torch":1,"minecraft:dirt":64,"minecraft:sand":6,"minecraft:mutton":15,"minecraft:crafting_table":5,"minecraft:loom":3,"minecraft:blast_furnace":2,"minecraft:white_bed":11,"minecraft:shears":3,"minecraft:wooden_axe":81,"minecraft:lever":1,"minecraft:string":9,"minecraft:barrel":10,"minecraft:stone_axe":121,"minecraft:tripwire_hook":3,"minecraft:beef":2,"minecraft:cooked_porkchop":5,"minecraft:porkchop":3,"minecraft:bucket":22,"minecraft:yellow_bed":4,"minecraft:cooked_beef":4}},"DataVersion":3953}