{"stats":{"minecraft:broken":{"minecraft:iron_axe":1,"minecraft:stone_axe":2,"minecraft:wooden_axe":2},"minecraft:mined":{"minecraft:white_bed":14,"minecraft:brewing_stand":1,"minecraft:acacia_log":32,"minecraft:grass_block":51,"minecraft:acacia_slab":2,"minecraft:hopper":2,"minecraft:composter":6,"minecraft:carrots":9,"minecraft:barrel":11,"minecraft:potatoes":2,"minecraft:dirt_path":10,"minecraft:oak_stairs":1,"minecraft:stone":4,"minecraft:tripwire":5,"minecraft:smithing_table":1,"minecraft:acacia_leaves":9,"minecraft:crafting_table":4,"minecraft:short_grass":78,"minecraft:blast_furnace":2,"minecraft:chest":2,"minecraft:tall_grass":3,"minecraft:cobblestone":6,"minecraft:sugar_cane":2,"minecraft:oak_planks":22,"minecraft:wall_torch":1,"minecraft:wheat":11,"minecraft:yellow_bed":4,"minecraft:oak_log":28,"minecraft:beetroots":2,"minecraft:loom":3,"minecraft:sand":6,"minecraft:dirt":169,"minecraft:acacia_planks":6,"minecraft:tripwire_hook":2,"minecraft:stonecutter":2,"minecraft:oak_leaves":6},"minecraft:killed_by":{"minecraft:player":1},"minecraft:used":{"minecraft:oak_trapdoor":3,"minecraft:stone_shovel":105,"minecraft:poppy":8,"minecraft:ladder":1,"minecraft:chest":6,"minecraft:wooden_shovel":59,"minecraft:rotten_flesh":3,"minecraft:torch":1,"minecraft:dirt":117,"minecraft:mutton":15,"minecraft:hopper":4,"minecraft:wooden_axe":81,"minecraft:iron_axe":182,"minecraft:acacia_slab":2,"minecraft:barrel":16,"minecraft:tripwire_hook":3,"minecraft:beef":2,"minecraft:cooked_beef":4,"minecraft:acacia_planks":8,"minecraft:water_bucket":22,"minecraft:acacia_trapdoor":3,"minecraft:oak_planks":54,"minecraft:wooden_pickaxe":17,"minecraft:composter":6,"minecraft:sand":6,"minecraft:crafting_table":5,"minecraft:loom":3,"minecraft:blast_furnace":2,"minecraft:white_bed":23,"minecraft:shears":3,"minecraft:lever":1,"minecraft:iron_pickaxe":2,"minecraft:string":11,"minecraft:stone_axe":178,"minecraft:cooked_porkchop":7,"minecraft:porkchop":3,"minecraft:smithing_table":2,"minecraft:bucket":22,"minecraft:yellow_bed":4,"minecraft:pumpkin_pie":9},"minecraft:custom":{"minecraft:interact_with_smithing_table":1,"minecraft:mob_kills":58,"minecraft:inspect_hopper":11,"minecraft:interact_with_crafting_table":51,"minecraft:open_barrel":20,"minecraft:bell_ring":1,"minecraft:leave_game":2,"minecraft:time_since_death":97786,"minecraft:climb_one_cm":6293,"minecraft:sprint_one_cm":323616,"minecraft:walk_one_cm":279552,"minecraft:drop":15,"minecraft:talked_to_villager":168,"minecraft:play_time":123125,"minecraft:deaths":1,"minecraft:sneak_time":11623,"minecraft:walk_under_water_one_cm":695,"minecraft:jump":3266,"minecraft:walk_on_water_one_cm":13313,"minecraft:total_world_time":123125,"minecraft:interact_with_furnace":9,"minecraft:traded_with_villager":454,"minecraft:sleep_in_bed":7,"minecraft:time_since_rest":6767,"minecraft:damage_taken":1272,"minecraft:damage_dealt":28646,"minecraft:swim_one_cm":3265,"minecraft:fly_one_cm":613340,"minecraft:player_kills":2,"minecraft:open_chest":76,"minecraft:crouch_one_cm":25637,"minecraft:fall_one_cm":84659},"minecraft:crafted":{"minecraft:oak_planks":112,"minecraft:stone_shovel":1,"minecraft:barrel":5,"minecraft:tripwire_hook":2,"minecraft:loom":1,"minecraft:lever":1,"minecraft:diamond_shovel":1,"minecraft:oak_trapdoor":4,"minecraft:hopper":2,"minecraft:iron_axe":2,"minecraft:ladder":3,"minecraft:chest":6,"minecraft:stone_hoe":12,"minecraft:cooked_beef":4,"minecraft:oak_slab":6,"minecraft:wooden_shovel":1,"minecraft:emerald":329,"minecraft:cooked_porkchop":7,"minecraft:crafting_table":1,"minecraft:acacia_slab":6,"minecraft:wooden_pickaxe":1,"minecraft:iron_helmet":10,"minecraft:acacia_trapdoor":4,"minecraft:smithing_table":2,"minecraft:bucket":1,"minecraft:campfire":30,"minecraft:stone_axe":2,"minecraft:bread":288,"minecraft:air":0,"minecraft:white_wool":53,"minecraft:diamond_pickaxe":1,"minecraft:stick":36,"minecraft:iron_pickaxe":8,"minecraft:iron_ingot":2,"minecraft:wooden_axe":2,"minecraft:white_bed":13,"minecraft:pumpkin_pie":48,"minecraft:acacia_planks":128,"minecraft:shears":1,"minecraft:nautilus_shell":4},"minecraft:dropped":{"minecraft:bread":336,"minecraft:wheat_seeds":3,"minecraft:acacia_planks":14,"minecraft:oak_planks":1,"minecraft:ladder":3},"minecraft:picked_up":{"minecraft:wooden_axe":1,"minecraft:crafting_table":5,"minecraft:ladder":2,"minecraft:lead":2,"minecraft:smithing_table":1,"minecraft:oak_stairs":1,"minecraft:brewing_stand":1,"minecraft:string":5405,"minecraft:beef":21,"minecraft:poppy":21,"minecraft:light_gray_wool":2,"minecraft:sugar_cane":8,"minecraft:chest":2,"minecraft:raw_iron":3,"minecraft:stick":8,"minecraft:composter":6,"minecraft:torch":2,"minecraft:acacia_log":32,"minecraft:porkchop":3,"minecraft:carrot":9,"minecraft:arrow":1,"minecraft:rotten_flesh":7,"minecraft:beetroot_seeds":2,"minecraft:mutton":15,"minecraft:white_wool":13,"minecraft:cobblestone":10,"minecraft:oxeye_daisy":1,"minecraft:tripwire_hook":1,"minecraft:leather":14,"minecraft:brown_wool":2,"minecraft:potato":2,"minecraft:oak_log":29,"minecraft:yellow_bed":4,"minecraft:gunpowder":3,"minecraft:dirt":235,"minecraft:bone":1,"minecraft:acacia_planks":20,"minecraft:stonecutter":2,"minecraft:wheat_seeds":24,"minecraft:iron_ingot":97,"minecraft:oak_planks":23,"minecraft:dandelion":3,"minecraft:sand":6,"minecraft:blast_furnace":2,"minecraft:white_bed":15,"minecraft:loom":3,"minecraft:barrel":11,"minecraft:spider_eye":3,"minecraft:diamond":12,"minecraft:bread":48,"minecraft:acacia_slab":2,"minecraft:oak_sapling":2,"minecraft:hopper":2},"minecraft:killed":{"minecraft:spider":5,"minecraft:skeleton":1,"minecraft:pig":2,"minecraft:iron_golem":23,"minecraft:creeper":3,"minecraft:sheep":10,"minecraft:trader_llama":2,"minecraft:zombie":6,"minecraft:cow":6}},"DataVersion":3953}