{"stats":{"minecraft:crafted":{"minecraft:oak_planks":16,"minecraft:crafting_table":1,"minecraft:stick":8,"minecraft:wooden_axe":1},"minecraft:mined":{"minecraft:crafting_table":1,"minecraft:short_grass":26,"minecraft:grass_block":13,"minecraft:oak_log":5,"minecraft:sand":5,"minecraft:dirt":7,"minecraft:tall_grass":2,"minecraft:sugar_cane":2,"minecraft:oak_leaves":2},"minecraft:dropped":{"minecraft:wheat_seeds":2},"minecraft:custom":{"minecraft:time_since_rest":17990,"minecraft:sprint_one_cm":57784,"minecraft:damage_taken":65,"minecraft:walk_one_cm":22470,"minecraft:mob_kills":11,"minecraft:drop":2,"minecraft:damage_dealt":1009,"minecraft:swim_one_cm":1168,"minecraft:interact_with_crafting_table":2,"minecraft:fly_one_cm":157449,"minecraft:play_time":17990,"minecraft:sneak_time":1,"minecraft:walk_under_water_one_cm":109,"minecraft:jump":659,"minecraft:leave_game":1,"minecraft:time_since_death":17990,"minecraft:walk_on_water_one_cm":274,"minecraft:total_world_time":17990,"minecraft:fall_one_cm":24162},"minecraft:picked_up":{"minecraft:crafting_table":1,"minecraft:leather":3,"minecraft:porkchop":2,"minecraft:sand":5,"minecraft:oak_log":5,"minecraft:dirt":20,"minecraft:wheat_seeds":4,"minecraft:beef":9,"minecraft:light_gray_wool":1,"minecraft:sugar_cane":4,"minecraft:mutton":9,"minecraft:white_wool":5},"minecraft:killed":{"minecraft:sheep":6,"minecraft:pig":1,"minecraft:cow":4},"minecraft:used":{"minecraft:wooden_axe":17,"minecraft:sand":5,"minecraft:dirt":12,"minecraft:mutton":9,"minecraft:beef":2,"minecraft:crafting_table":1}},"DataVersion":3953}