{"stats":{"minecraft:crafted":{"minecraft:cooked_beef":4,"minecraft:oak_planks":56,"minecraft:tripwire_hook":2,"minecraft:crafting_table":1,"minecraft:wooden_pickaxe":1,"minecraft:bucket":1,"minecraft:stone_axe":1,"minecraft:air":0,"minecraft:oak_trapdoor":4,"minecraft:stick":16,"minecraft:wooden_axe":2,"minecraft:white_bed":1,"minecraft:acacia_planks":4},"minecraft:broken":{"minecraft:wooden_axe":2},"minecraft:mined":{"minecraft:white_bed":1,"minecraft:crafting_table":4,"minecraft:short_grass":58,"minecraft:acacia_log":1,"minecraft:grass_block":14,"minecraft:tall_grass":3,"minecraft:oak_planks":13,"minecraft:sugar_cane":2,"minecraft:carrots":9,"minecraft:wheat":11,"minecraft:potatoes":2,"minecraft:oak_log":14,"minecraft:beetroots":2,"minecraft:sand":6,"minecraft:dirt":35,"minecraft:stone":3,"minecraft:oak_leaves":6},"minecraft:dropped":{"minecraft:wheat_seeds":2,"minecraft:oak_planks":1},"minecraft:custom":{"minecraft:interact_with_furnace":5,"minecraft:mob_kills":30,"minecraft:interact_with_crafting_table":10,"minecraft:leave_game":1,"minecraft:time_since_death":16651,"minecraft:sleep_in_bed":1,"minecraft:climb_one_cm":368,"minecraft:time_since_rest":16675,"minecraft:sprint_one_cm":147227,"minecraft:damage_taken":635,"minecraft:walk_one_cm":80639,"minecraft:drop":3,"minecraft:damage_dealt":5265,"minecraft:swim_one_cm":3265,"minecraft:talked_to_villager":4,"minecraft:fly_one_cm":365417,"minecraft:player_kills":2,"minecraft:crouch_one_cm":3083,"minecraft:play_time":41990,"minecraft:deaths":1,"minecraft:sneak_time":1278,"minecraft:walk_under_water_one_cm":484,"minecraft:jump":1562,"minecraft:walk_on_water_one_cm":807,"minecraft:total_world_time":41990,"minecraft:fall_one_cm":52045},"minecraft:killed":{"minecraft:pig":2,"minecraft:spider":5,"minecraft:iron_golem":1,"minecraft:creeper":1,"minecraft:sheep":10,"minecraft:skeleton":1,"minecraft:zombie":4,"minecraft:cow":6},"minecraft:picked_up":{"minecraft:wooden_axe":1,"minecraft:crafting_table":5,"minecraft:leather":12,"minecraft:brown_wool":2,"minecraft:potato":2,"minecraft:oak_log":15,"minecraft:gunpowder":2,"minecraft:dirt":67,"minecraft:string":5,"minecraft:bone":1,"minecraft:wheat_seeds":21,"minecraft:beef":21,"minecraft:iron_ingot":4,"minecraft:poppy":1,"minecraft:light_gray_wool":2,"minecraft:sugar_cane":8,"minecraft:oak_planks":16,"minecraft:stick":6,"minecraft:acacia_log":1,"minecraft:porkchop":3,"minecraft:sand":6,"minecraft:white_bed":2,"minecraft:carrot":9,"minecraft:spider_eye":3,"minecraft:arrow":1,"minecraft:rotten_flesh":3,"minecraft:beetroot_seeds":2,"minecraft:oak_sapling":2,"minecraft:mutton":15,"minecraft:white_wool":13,"minecraft:cobblestone":3},"minecraft:killed_by":{"minecraft:player":1},"minecraft:used":{"minecraft:oak_trapdoor":2,"minecraft:water_bucket":2,"minecraft:oak_planks":32,"minecraft:wooden_pickaxe":3,"minecraft:rotten_flesh":1,"minecraft:dirt":45,"minecraft:sand":6,"minecraft:mutton":15,"minecraft:crafting_table":5,"minecraft:white_bed":1,"minecraft:wooden_axe":81,"minecraft:stone_axe":36,"minecraft:beef":2,"minecraft:porkchop":3,"minecraft:bucket":3,"minecraft:cooked_beef":4}},"DataVersion":3953}