{"stats":{"minecraft:broken":{"minecraft:iron_shovel":1,"minecraft:iron_axe":2,"minecraft:stone_axe":2,"minecraft:wooden_axe":2},"minecraft:mined":{"minecraft:white_bed":31,"minecraft:brewing_stand":1,"minecraft:acacia_log":45,"minecraft:grass_block":153,"minecraft:acacia_slab":2,"minecraft:composter":7,"minecraft:hopper":2,"minecraft:oak_trapdoor":5,"minecraft:carrots":9,"minecraft:fire":5,"minecraft:barrel":24,"minecraft:potatoes":2,"minecraft:dirt_path":49,"minecraft:oak_stairs":1,"minecraft:stripped_oak_log":1,"minecraft:stone":67,"minecraft:white_wool":3,"minecraft:tripwire":6,"minecraft:smithing_table":1,"minecraft:acacia_leaves":18,"minecraft:dandelion":6,"minecraft:crafting_table":4,"minecraft:torch":1,"minecraft:short_grass":195,"minecraft:blast_furnace":2,"minecraft:chest":2,"minecraft:stone_slab":1,"minecraft:tall_grass":5,"minecraft:copper_ore":6,"minecraft:cobblestone":6,"minecraft:sugar_cane":2,"minecraft:oak_planks":23,"minecraft:wall_torch":1,"minecraft:wheat":11,"minecraft:yellow_bed":6,"minecraft:oak_log":48,"minecraft:beetroots":2,"minecraft:loom":3,"minecraft:gravel":5,"minecraft:sand":6,"minecraft:dirt":380,"minecraft:acacia_planks":6,"minecraft:tripwire_hook":2,"minecraft:stonecutter":2,"minecraft:stone_bricks":2,"minecraft:oak_leaves":6},"minecraft:killed_by":{"minecraft:zombie_villager":1,"minecraft:player":1,"minecraft:iron_golem":1,"minecraft:zombie":1},"minecraft:used":{"minecraft:oak_trapdoor":16,"minecraft:iron_shovel":525,"minecraft:flint_and_steel":8,"minecraft:stone_shovel":105,"minecraft:ladder":2,"minecraft:poppy":8,"minecraft:chest":8,"minecraft:stone":12,"minecraft:wooden_shovel":59,"minecraft:rotten_flesh":3,"minecraft:torch":3,"minecraft:dirt":335,"minecraft:mutton":15,"minecraft:hopper":5,"minecraft:wooden_axe":81,"minecraft:lava_bucket":1,"minecraft:iron_axe":334,"minecraft:acacia_slab":2,"minecraft:stone_brick_stairs":4,"minecraft:barrel":29,"minecraft:stone_bricks":29,"minecraft:tripwire_hook":3,"minecraft:beef":2,"minecraft:cooked_beef":4,"minecraft:acacia_planks":8,"minecraft:water_bucket":41,"minecraft:acacia_trapdoor":3,"minecraft:oak_planks":55,"minecraft:wooden_pickaxe":17,"minecraft:composter":6,"minecraft:white_wool":3,"minecraft:sand":6,"minecraft:crafting_table":7,"minecraft:loom":3,"minecraft:blast_furnace":2,"minecraft:white_bed":42,"minecraft:shears":6,"minecraft:lever":1,"minecraft:diamond_pickaxe":65,"minecraft:diamond_shovel":392,"minecraft:acacia_sign":3,"minecraft:iron_pickaxe":9,"minecraft:stone_button":3,"minecraft:string":12,"minecraft:stone_slab":1,"minecraft:stone_axe":178,"minecraft:porkchop":3,"minecraft:smithing_table":2,"minecraft:cooked_porkchop":7,"minecraft:oak_boat":7,"minecraft:bucket":43,"minecraft:pumpkin_pie":44,"minecraft:yellow_bed":5,"minecraft:dandelion":1},"minecraft:custom":{"minecraft:interact_with_smithing_table":1,"minecraft:mob_kills":89,"minecraft:inspect_hopper":13,"minecraft:interact_with_crafting_table":75,"minecraft:open_barrel":33,"minecraft:bell_ring":1,"minecraft:leave_game":3,"minecraft:time_since_death":43058,"minecraft:climb_one_cm":11134,"minecraft:sprint_one_cm":502147,"minecraft:walk_one_cm":549849,"minecraft:drop":39,"minecraft:talked_to_villager":221,"minecraft:play_time":200971,"minecraft:deaths":4,"minecraft:sneak_time":16844,"minecraft:walk_under_water_one_cm":1251,"minecraft:jump":5025,"minecraft:interact_with_blast_furnace":1,"minecraft:walk_on_water_one_cm":24443,"minecraft:total_world_time":200971,"minecraft:interact_with_furnace":9,"minecraft:traded_with_villager":518,"minecraft:sleep_in_bed":10,"minecraft:time_since_rest":980,"minecraft:damage_taken":3407,"minecraft:damage_dealt":35731,"minecraft:player_kills":2,"minecraft:swim_one_cm":3265,"minecraft:fly_one_cm":944350,"minecraft:open_chest":150,"minecraft:crouch_one_cm":40047,"minecraft:fall_one_cm":126843},"minecraft:crafted":{"minecraft:oak_planks":164,"minecraft:stone_shovel":1,"minecraft:barrel":7,"minecraft:tripwire_hook":2,"minecraft:stone_button":3,"minecraft:loom":1,"minecraft:lever":1,"minecraft:diamond_shovel":1,"minecraft:oak_trapdoor":12,"minecraft:flint_and_steel":1,"minecraft:hopper":3,"minecraft:iron_axe":3,"minecraft:ladder":3,"minecraft:chest":9,"minecraft:stone_hoe":12,"minecraft:stone_bricks":36,"minecraft:cooked_beef":4,"minecraft:oak_slab":36,"minecraft:wooden_shovel":1,"minecraft:emerald":377,"minecraft:cooked_porkchop":7,"minecraft:crafting_table":3,"minecraft:acacia_slab":12,"minecraft:wooden_pickaxe":1,"minecraft:iron_helmet":10,"minecraft:acacia_trapdoor":4,"minecraft:smithing_table":2,"minecraft:bucket":1,"minecraft:campfire":30,"minecraft:stone_axe":2,"minecraft:bread":384,"minecraft:air":0,"minecraft:oak_boat":1,"minecraft:stone_brick_stairs":4,"minecraft:white_wool":53,"minecraft:diamond_pickaxe":1,"minecraft:acacia_sign":3,"minecraft:stick":44,"minecraft:stone_slab":6,"minecraft:iron_ingot":2,"minecraft:iron_pickaxe":8,"minecraft:wooden_axe":2,"minecraft:iron_shovel":2,"minecraft:white_bed":15,"minecraft:pumpkin_pie":48,"minecraft:composter":1,"minecraft:acacia_planks":180,"minecraft:shears":2,"minecraft:nautilus_shell":4},"minecraft:dropped":{"minecraft:stone_hoe":5,"minecraft:bread":432,"minecraft:wheat_seeds":3,"minecraft:dirt":13,"minecraft:stone_button":3,"minecraft:acacia_planks":14,"minecraft:oak_planks":1,"minecraft:stone":1,"minecraft:ladder":3,"minecraft:spider_eye":2,"minecraft:bow":1},"minecraft:picked_up":{"minecraft:wooden_axe":1,"minecraft:crafting_table":5,"minecraft:ladder":2,"minecraft:smithing_table":1,"minecraft:stone_slab":6,"minecraft:lead":11,"minecraft:wooden_pickaxe":1,"minecraft:oak_stairs":2,"minecraft:brewing_stand":4,"minecraft:string":6552,"minecraft:oak_trapdoor":5,"minecraft:iron_axe":3,"minecraft:flint_and_steel":3,"minecraft:iron_shovel":2,"minecraft:bucket":2,"minecraft:beef":26,"minecraft:oak_boat":6,"minecraft:wooden_shovel":1,"minecraft:light_gray_wool":2,"minecraft:poppy":24,"minecraft:iron_pickaxe":1,"minecraft:sugar_cane":8,"minecraft:chest":2,"minecraft:copper_ore":6,"minecraft:stick":8,"minecraft:raw_iron":3,"minecraft:stone":129,"minecraft:composter":7,"minecraft:torch":3,"minecraft:acacia_log":45,"minecraft:porkchop":3,"minecraft:stone_button":6,"minecraft:carrot":9,"minecraft:arrow":10,"minecraft:rotten_flesh":32,"minecraft:beetroot_seeds":2,"minecraft:pumpkin_pie":43,"minecraft:shears":1,"minecraft:armadillo_scute":2,"minecraft:mutton":15,"minecraft:nautilus_shell":1,"minecraft:white_wool":70,"minecraft:cobblestone":18,"minecraft:oxeye_daisy":1,"minecraft:stripped_oak_log":1,"minecraft:tripwire_hook":1,"minecraft:brown_wool":2,"minecraft:leather":14,"minecraft:potato":2,"minecraft:flint":2,"minecraft:oak_log":49,"minecraft:yellow_bed":5,"minecraft:gunpowder":9,"minecraft:dirt":717,"minecraft:bone":10,"minecraft:acacia_planks":28,"minecraft:stone_bricks":2,"minecraft:bow":1,"minecraft:stonecutter":4,"minecraft:acacia_trapdoor":1,"minecraft:wheat_seeds":29,"minecraft:iron_ingot":132,"minecraft:stone_hoe":6,"minecraft:oak_planks":27,"minecraft:oak_slab":2,"minecraft:dandelion":14,"minecraft:gravel":3,"minecraft:sand":6,"minecraft:blast_furnace":2,"minecraft:white_bed":32,"minecraft:loom":3,"minecraft:spider_eye":8,"minecraft:barrel":24,"minecraft:diamond_shovel":3,"minecraft:diamond":12,"minecraft:campfire":24,"minecraft:iron_helmet":1,"minecraft:emerald":174,"minecraft:bread":48,"minecraft:oak_sapling":2,"minecraft:acacia_slab":2,"minecraft:hopper":2,"minecraft:diamond_pickaxe":1},"minecraft:killed":{"minecraft:spider":9,"minecraft:skeleton":10,"minecraft:pig":2,"minecraft:iron_golem":24,"minecraft:creeper":9,"minecraft:sheep":10,"minecraft:trader_llama":2,"minecraft:zombie":17,"minecraft:cow":6}},"DataVersion":3953}