{"stats":{"minecraft:crafted":{"minecraft:oak_planks":40,"minecraft:crafting_table":1,"minecraft:stick":16,"minecraft:wooden_axe":2,"minecraft:white_bed":1,"minecraft:acacia_planks":4},"minecraft:broken":{"minecraft:wooden_axe":1},"minecraft:mined":{"minecraft:carrots":9,"minecraft:white_bed":1,"minecraft:wheat":11,"minecraft:crafting_table":3,"minecraft:short_grass":35,"minecraft:acacia_log":1,"minecraft:potatoes":2,"minecraft:grass_block":14,"minecraft:oak_log":10,"minecraft:beetroots":2,"minecraft:sand":6,"minecraft:dirt":22,"minecraft:tall_grass":3,"minecraft:sugar_cane":2,"minecraft:oak_leaves":3},"minecraft:dropped":{"minecraft:wheat_seeds":2},"minecraft:custom":{"minecraft:time_since_rest":4675,"minecraft:sprint_one_cm":98340,"minecraft:damage_taken":345,"minecraft:walk_one_cm":55743,"minecraft:mob_kills":17,"minecraft:drop":2,"minecraft:damage_dealt":2889,"minecraft:player_kills":2,"minecraft:swim_one_cm":3265,"minecraft:interact_with_crafting_table":5,"minecraft:fly_one_cm":254817,"minecraft:crouch_one_cm":534,"minecraft:play_time":29990,"minecraft:deaths":1,"minecraft:sneak_time":360,"minecraft:walk_under_water_one_cm":484,"minecraft:jump":1131,"minecraft:leave_game":1,"minecraft:time_since_death":4651,"minecraft:walk_on_water_one_cm":807,"minecraft:sleep_in_bed":1,"minecraft:total_world_time":29990,"minecraft:fall_one_cm":39681},"minecraft:killed":{"minecraft:sheep":10,"minecraft:pig":2,"minecraft:iron_golem":1,"minecraft:cow":4},"minecraft:picked_up":{"minecraft:wooden_axe":1,"minecraft:stick":6,"minecraft:crafting_table":4,"minecraft:brown_wool":2,"minecraft:leather":10,"minecraft:acacia_log":1,"minecraft:potato":2,"minecraft:porkchop":3,"minecraft:sand":6,"minecraft:oak_log":11,"minecraft:white_bed":2,"minecraft:carrot":9,"minecraft:dirt":42,"minecraft:beetroot_seeds":2,"minecraft:wheat_seeds":20,"minecraft:iron_ingot":3,"minecraft:beef":16,"minecraft:poppy":1,"minecraft:light_gray_wool":2,"minecraft:sugar_cane":8,"minecraft:mutton":15,"minecraft:oak_planks":2,"minecraft:white_wool":13},"minecraft:killed_by":{"minecraft:player":1},"minecraft:used":{"minecraft:wooden_axe":54,"minecraft:sand":6,"minecraft:dirt":28,"minecraft:mutton":15,"minecraft:beef":2,"minecraft:crafting_table":4,"minecraft:porkchop":3,"minecraft:white_bed":1}},"DataVersion":3953}