{"stats":{"minecraft:crafted":{"minecraft:oak_planks":112,"minecraft:stone_shovel":1,"minecraft:barrel":2,"minecraft:tripwire_hook":2,"minecraft:loom":1,"minecraft:lever":1,"minecraft:oak_trapdoor":4,"minecraft:hopper":2,"minecraft:iron_axe":1,"minecraft:ladder":3,"minecraft:chest":5,"minecraft:cooked_beef":4,"minecraft:oak_slab":6,"minecraft:wooden_shovel":1,"minecraft:emerald":133,"minecraft:cooked_porkchop":7,"minecraft:crafting_table":1,"minecraft:acacia_slab":6,"minecraft:wooden_pickaxe":1,"minecraft:iron_helmet":10,"minecraft:acacia_trapdoor":4,"minecraft:smithing_table":1,"minecraft:bucket":1,"minecraft:campfire":24,"minecraft:stone_axe":2,"minecraft:bread":240,"minecraft:air":0,"minecraft:white_wool":7,"minecraft:stick":36,"minecraft:iron_ingot":2,"minecraft:wooden_axe":2,"minecraft:white_bed":5,"minecraft:pumpkin_pie":48,"minecraft:acacia_planks":72,"minecraft:shears":1,"minecraft:nautilus_shell":1},"minecraft:broken":{"minecraft:stone_axe":2,"minecraft:wooden_axe":2},"minecraft:mined":{"minecraft:white_bed":13,"minecraft:brewing_stand":1,"minecraft:acacia_log":29,"minecraft:grass_block":45,"minecraft:composter":6,"minecraft:carrots":9,"minecraft:barrel":8,"minecraft:potatoes":2,"minecraft:dirt_path":10,"minecraft:oak_stairs":1,"minecraft:stone":4,"minecraft:tripwire":3,"minecraft:smithing_table":1,"minecraft:acacia_leaves":9,"minecraft:crafting_table":4,"minecraft:short_grass":78,"minecraft:blast_furnace":2,"minecraft:tall_grass":3,"minecraft:cobblestone":6,"minecraft:sugar_cane":2,"minecraft:oak_planks":22,"minecraft:wall_torch":1,"minecraft:wheat":11,"minecraft:yellow_bed":4,"minecraft:oak_log":28,"minecraft:beetroots":2,"minecraft:loom":3,"minecraft:sand":6,"minecraft:dirt":152,"minecraft:tripwire_hook":2,"minecraft:stonecutter":2,"minecraft:oak_leaves":6},"minecraft:dropped":{"minecraft:bread":240,"minecraft:wheat_seeds":3,"minecraft:oak_planks":1,"minecraft:ladder":3},"minecraft:custom":{"minecraft:mob_kills":49,"minecraft:inspect_hopper":4,"minecraft:interact_with_crafting_table":40,"minecraft:open_barrel":18,"minecraft:bell_ring":1,"minecraft:leave_game":2,"minecraft:time_since_death":74760,"minecraft:climb_one_cm":2940,"minecraft:sprint_one_cm":281122,"minecraft:walk_one_cm":221151,"minecraft:drop":12,"minecraft:talked_to_villager":98,"minecraft:play_time":100099,"minecraft:deaths":1,"minecraft:sneak_time":8607,"minecraft:walk_under_water_one_cm":484,"minecraft:jump":2786,"minecraft:walk_on_water_one_cm":12257,"minecraft:total_world_time":100099,"minecraft:interact_with_furnace":9,"minecraft:traded_with_villager":220,"minecraft:sleep_in_bed":4,"minecraft:time_since_rest":5466,"minecraft:damage_taken":1016,"minecraft:damage_dealt":19639,"minecraft:fly_one_cm":563571,"minecraft:swim_one_cm":3265,"minecraft:player_kills":2,"minecraft:open_chest":34,"minecraft:crouch_one_cm":20362,"minecraft:fall_one_cm":75816},"minecraft:killed":{"minecraft:spider":5,"minecraft:skeleton":1,"minecraft:pig":2,"minecraft:iron_golem":14,"minecraft:creeper":3,"minecraft:sheep":10,"minecraft:trader_llama":2,"minecraft:zombie":6,"minecraft:cow":6},"minecraft:picked_up":{"minecraft:wooden_axe":1,"minecraft:crafting_table":5,"minecraft:ladder":2,"minecraft:smithing_table":1,"minecraft:lead":2,"minecraft:oak_stairs":1,"minecraft:brewing_stand":1,"minecraft:string":4274,"minecraft:beef":21,"minecraft:poppy":13,"minecraft:light_gray_wool":2,"minecraft:sugar_cane":8,"minecraft:stick":8,"minecraft:raw_iron":3,"minecraft:composter":6,"minecraft:torch":2,"minecraft:acacia_log":29,"minecraft:porkchop":3,"minecraft:carrot":9,"minecraft:arrow":1,"minecraft:rotten_flesh":7,"minecraft:beetroot_seeds":2,"minecraft:mutton":15,"minecraft:white_wool":13,"minecraft:cobblestone":10,"minecraft:oxeye_daisy":1,"minecraft:tripwire_hook":1,"minecraft:brown_wool":2,"minecraft:leather":14,"minecraft:potato":2,"minecraft:oak_log":29,"minecraft:yellow_bed":4,"minecraft:gunpowder":3,"minecraft:dirt":213,"minecraft:bone":1,"minecraft:stonecutter":2,"minecraft:wheat_seeds":24,"minecraft:iron_ingot":56,"minecraft:oak_planks":23,"minecraft:dandelion":3,"minecraft:sand":6,"minecraft:blast_furnace":2,"minecraft:white_bed":14,"minecraft:loom":3,"minecraft:spider_eye":3,"minecraft:barrel":8,"minecraft:oak_sapling":2},"minecraft:killed_by":{"minecraft:player":1},"minecraft:used":{"minecraft:oak_trapdoor":3,"minecraft:stone_shovel":85,"minecraft:ladder":1,"minecraft:poppy":8,"minecraft:chest":3,"minecraft:wooden_shovel":59,"minecraft:rotten_flesh":3,"minecraft:torch":1,"minecraft:dirt":93,"minecraft:mutton":15,"minecraft:hopper":2,"minecraft:wooden_axe":81,"minecraft:iron_axe":83,"minecraft:acacia_slab":2,"minecraft:barrel":10,"minecraft:tripwire_hook":3,"minecraft:beef":2,"minecraft:cooked_beef":4,"minecraft:water_bucket":22,"minecraft:acacia_trapdoor":3,"minecraft:oak_planks":54,"minecraft:wooden_pickaxe":17,"minecraft:composter":5,"minecraft:sand":6,"minecraft:crafting_table":5,"minecraft:loom":3,"minecraft:blast_furnace":2,"minecraft:white_bed":18,"minecraft:shears":3,"minecraft:lever":1,"minecraft:string":9,"minecraft:stone_axe":178,"minecraft:porkchop":3,"minecraft:cooked_porkchop":7,"minecraft:smithing_table":1,"minecraft:bucket":22,"minecraft:pumpkin_pie":2,"minecraft:yellow_bed":4}},"DataVersion":3953}